player_name,player_short_name,player_id,player_birthdate,team_name,team_id,competition_name,season_name,position_group,minutes_full_all,count_match,distance_per_match,total_metersperminute_full_all,running_per_match,hsr_per_match,sprint_per_match,hi_per_match,hsr_count_per_match,sprint_count_per_match,hi_count_per_match,high_accel_per_match,high_decel_per_match,accel_decel_load_per_match,high_intensity_share,sprint_share,top_speed,load_index,load_level,load_comment
Nathan Walker,N. Walker,799453,2006-01-30,Wellington Phoenix FC,867,AUS - A-League,2024/2025,Wide Attacker,94.63,1,11321.0,119.63,1690.0,911.0,382.0,1293.0,90.0,17.0,107.0,13.0,39.0,338.0,0.11421252539528311,0.03374260224361805,31.1,88.62976105877782,high,Высокая физическая нагрузка. Стоит аккуратно планировать минуты.
Jesse Randall,J. Randall,624628,2002-08-19,Auckland FC,4177,AUS - A-League,2024/2025,Wide Attacker,66.6,1,8328.0,125.05,1310.0,805.0,360.0,1165.0,82.0,19.0,101.0,12.0,33.0,213.0,0.1398895292987512,0.043227665706051875,30.8,79.44544891919092,high,Высокая физическая нагрузка. Стоит аккуратно планировать минуты.
Jaiden Kucharski,J. Kucharski,133853,2002-06-25,Sydney Football Club,869,AUS - A-League,2024/2025,Center Forward,102.77,1,11763.0,114.46,1596.0,821.0,314.0,1135.0,78.0,20.0,98.0,10.0,25.0,272.0,0.09648899090368103,0.02669387061123863,31.4,75.8644057779407,high,Высокая физическая нагрузка. Стоит аккуратно планировать минуты.
Luke Vickery,L. Vickery,811052,2005-10-25,Western United,1803,AUS - A-League,2024/2025,Wide Attacker,79.25,1,9459.0,119.36,1513.0,813.0,397.0,1210.0,80.0,22.0,102.0,7.0,23.0,206.0,0.12792049899566552,0.041970610001057194,31.2,74.09787794651227,high,Высокая физическая нагрузка. Стоит аккуратно планировать минуты.
Kosta Barbarouses,K. Barbarouses,23909,1990-02-19,Wellington Phoenix FC,867,AUS - A-League,2024/2025,Wide Attacker,100.85,1,10605.0,105.16,1380.0,648.0,394.0,1042.0,79.0,21.0,100.0,13.0,25.0,252.0,0.09825553983969826,0.03715228665723715,30.3,72.91613687852218,high,Высокая физическая нагрузка. Стоит аккуратно планировать минуты.
Jordan Courtney-Perkins,J. Courtney-Perkins,51000,2002-11-06,Sydney Football Club,869,AUS - A-League,2024/2025,Wide Attacker,89.35,1,11091.0,124.13,2159.0,916.0,225.0,1141.0,77.0,11.0,88.0,8.0,26.0,254.0,0.10287620593273826,0.020286718961319988,27.9,72.01168007567975,high,Высокая физическая нагрузка. Стоит аккуратно планировать минуты.
Jed Drew,J. Drew,560891,2003-08-29,Macarthur FC,1804,AUS - A-League,2024/2025,Midfield,78.72,1,9523.0,120.98,1369.0,697.0,413.0,1110.0,78.0,18.0,96.0,7.0,16.0,223.0,0.11655990759214534,0.043368686338338756,30.5,70.82066723077595,high,Высокая физическая нагрузка. Стоит аккуратно планировать минуты.
Corban Piper,C. Piper,957734,2002-09-10,Wellington Phoenix FC,867,AUS - A-League,2024/2025,Midfield,98.82,1,10780.0,109.09,1540.0,786.0,418.0,1204.0,77.0,21.0,98.0,6.0,19.0,221.0,0.11168831168831168,0.03877551020408163,30.5,70.0927325696185,high,Высокая физическая нагрузка. Стоит аккуратно планировать минуты.
Tate Russell,T. Russell,795520,1999-08-24,Western United,1803,AUS - A-League,2024/2025,Central Defender,87.0,1,10382.0,119.33,1529.0,716.0,343.0,1059.0,69.0,16.0,85.0,10.0,17.0,225.0,0.10200346753997303,0.03303795029859372,29.3,69.88514486876905,high,Высокая физическая нагрузка. Стоит аккуратно планировать минуты.
Adrian Segecic,A. Segecic,133854,2004-06-01,Sydney Football Club,869,AUS - A-League,2024/2025,Center Forward,92.63,1,11007.0,118.82,1705.0,664.0,400.0,1064.0,66.0,21.0,87.0,7.0,17.0,222.0,0.09666575815390206,0.03634051058417371,29.8,69.76843029163798,high,Высокая физическая нагрузка. Стоит аккуратно планировать минуты.
Cameron Drew Howieson,C. Howieson,133495,1994-12-22,Auckland FC,4177,AUS - A-League,2024/2025,Center Forward,98.83,1,12148.0,122.91,2364.0,870.0,135.0,1005.0,71.0,9.0,80.0,10.0,11.0,282.0,0.08272966743496872,0.011112940401712216,26.1,65.0503033331207,medium,Средняя нагрузка. Игрок активно вовлечён в интенсивные действия.
Matthew Sheridan,M. Sheridan,799092,2004-05-09,Wellington Phoenix FC,867,AUS - A-League,2024/2025,Wide Attacker,62.45,1,7759.0,124.24,1286.0,735.0,200.0,935.0,63.0,11.0,74.0,12.0,22.0,202.0,0.12050521974481247,0.025776517592473257,28.8,64.77838648628814,medium,Средняя нагрузка. Игрок активно вовлечён в интенсивные действия.
Ben Halloran,B. Halloran,50966,1992-06-14,Brisbane Roar FC,1802,AUS - A-League,2024/2025,Center Forward,99.92,1,10922.0,109.31,1474.0,705.0,189.0,894.0,68.0,9.0,77.0,12.0,20.0,244.0,0.08185314045046695,0.017304522981138985,29.4,63.3230506770463,medium,Средняя нагрузка. Игрок активно вовлечён в интенсивные действия.
Nikola Mileusnić,N. Mileusnić,23926,1993-07-17,Perth Glory Football Club,871,AUS - A-League,2024/2025,Center Forward,61.63,1,7980.0,129.48,1315.0,621.0,219.0,840.0,54.0,13.0,67.0,9.0,22.0,195.0,0.10526315789473684,0.02744360902255639,29.5,62.94770103270739,medium,Средняя нагрузка. Игрок активно вовлечён в интенсивные действия.
Nathan Walker,N. Walker,799453,2006-01-30,Wellington Phoenix FC,867,AUS - A-League,2024/2025,Midfield,61.25,1,7739.0,126.35,1214.0,743.0,229.0,972.0,59.0,11.0,70.0,6.0,22.0,215.0,0.12559762243183875,0.029590386354826206,29.2,62.06489979870798,medium,Средняя нагрузка. Игрок активно вовлечён в интенсивные действия.
Patrick Wood,P. Wood,51053,2002-09-16,Perth Glory Football Club,871,AUS - A-League,2024/2025,Midfield,79.62,1,9307.0,116.9,1170.0,691.0,259.0,950.0,63.0,17.0,80.0,7.0,18.0,205.0,0.10207370796174922,0.027828516170624262,30.0,61.96495557566702,medium,Средняя нагрузка. Игрок активно вовлечён в интенсивные действия.
Marco Rojas,M. Rojas,6799,1991-11-05,Wellington Phoenix FC,867,AUS - A-League,2024/2025,Wide Attacker,68.47,1,9037.0,131.99,1446.0,695.0,249.0,944.0,60.0,12.0,72.0,4.0,14.0,178.0,0.10445944450592011,0.027553391612260707,29.0,61.29980488024719,medium,Средняя нагрузка. Игрок активно вовлечён в интенсивные действия.
Thomas Aquilina,T. Aquilina,735573,2001-02-02,Newcastle United Jets FC,1805,AUS - A-League,2024/2025,Midfield,98.2,1,11334.0,115.42,1711.0,769.0,236.0,1005.0,71.0,14.0,85.0,4.0,16.0,240.0,0.08867125463208046,0.020822304570319392,28.0,61.207480987359524,medium,Средняя нагрузка. Игрок активно вовлечён в интенсивные действия.
Antonee Alan Burke-Gilroy,A. Burke-Gilroy,560983,1997-10-03,Brisbane Roar FC,1802,AUS - A-League,2024/2025,Wide Attacker,61.37,1,8629.0,140.61,1610.0,584.0,158.0,742.0,57.0,7.0,64.0,7.0,11.0,183.0,0.08598910650133272,0.018310348823733922,31.0,60.73201808849827,medium,Средняя нагрузка. Игрок активно вовлечён в интенсивные действия.
Nicolas Milanovic,N. Milanovic,51036,2001-11-14,Western Sydney Wanderers FC,2902,AUS - A-League,2024/2025,Center Forward,95.75,1,11440.0,119.48,1319.0,559.0,273.0,832.0,53.0,14.0,67.0,6.0,12.0,194.0,0.07272727272727272,0.023863636363636365,31.2,60.68054521085563,medium,Средняя нагрузка. Игрок активно вовлечён в интенсивные действия.
Matthew Sheridan,M. Sheridan,799092,2004-05-09,Wellington Phoenix FC,867,AUS - A-League,2024/2025,Full Back,98.83,1,11564.0,117.01,1655.0,750.0,174.0,924.0,63.0,10.0,73.0,7.0,16.0,248.0,0.07990314769975787,0.015046696644759598,27.5,60.46399393434039,medium,Средняя нагрузка. Игрок активно вовлечён в интенсивные действия.
Lucas Mauragis,L. Mauragis,51683,2001-09-04,Central Coast Mariners Football Club,870,AUS - A-League,2024/2025,Wide Attacker,75.72,1,9030.0,119.26,1448.0,592.0,179.0,771.0,61.0,11.0,72.0,10.0,24.0,195.0,0.08538205980066445,0.01982281284606866,28.6,60.00636348312102,medium,Средняя нагрузка. Игрок активно вовлечён в интенсивные действия.
Keegan Jelacic,K. Jelacic,560986,2002-07-31,Brisbane Roar FC,1802,AUS - A-League,2024/2025,Midfield,103.77,1,12784.0,123.2,2020.0,725.0,209.0,934.0,67.0,11.0,78.0,2.0,7.0,217.0,0.07306007509386733,0.016348560700876095,28.1,59.00590329679395,medium,Средняя нагрузка. Игрок активно вовлечён в интенсивные действия.
Ethan Alagich,E. Alagich,560893,2003-12-18,Adelaide United Football Club,866,AUS - A-League,2024/2025,Full Back,96.53,1,11530.0,119.44,1552.0,559.0,213.0,772.0,57.0,10.0,67.0,5.0,18.0,225.0,0.06695576756287945,0.01847354726799653,29.7,58.91436579205721,medium,Средняя нагрузка. Игрок активно вовлечён в интенсивные действия.
Daniel Arzani,D. Arzani,11885,1999-01-04,Melbourne Victory Football Club,868,AUS - A-League,2024/2025,Midfield,90.83,1,9436.0,103.88,1277.0,701.0,268.0,969.0,72.0,18.0,90.0,8.0,15.0,215.0,0.1026918185671895,0.02840186519711742,29.2,58.8093931686053,medium,Средняя нагрузка. Игрок активно вовлечён в интенсивные действия.
Jaiden Kucharski,J. Kucharski,133853,2002-06-25,Sydney Football Club,869,AUS - A-League,2024/2025,Wide Attacker,62.23,1,7626.0,122.54,1160.0,581.0,267.0,848.0,57.0,16.0,73.0,7.0,16.0,146.0,0.11119853134015212,0.035011801730920535,30.8,58.800923676981256,medium,Средняя нагрузка. Игрок активно вовлечён в интенсивные действия.
Cristian David Caicedo Castillo,C. Caicedo,966110,2002-01-04,Perth Glory Football Club,871,AUS - A-League,2024/2025,Center Forward,81.43,1,9639.0,118.37,1533.0,630.0,178.0,808.0,65.0,11.0,76.0,8.0,20.0,193.0,0.08382612304180932,0.01846664591762631,28.4,58.651235537680414,medium,Средняя нагрузка. Игрок активно вовлечён в интенсивные действия.
Antonio Mikael Rodrigues Brito,Mikael Doka,34423,2000-01-24,Central Coast Mariners Football Club,870,AUS - A-League,2024/2025,Midfield,98.55,1,10993.0,111.55,1519.0,586.0,229.0,815.0,53.0,12.0,65.0,8.0,17.0,227.0,0.0741380878741017,0.020831438187937777,29.8,58.62021211847617,medium,Средняя нагрузка. Игрок активно вовлечён в интенсивные действия.
Andreas  Kuen,A. Kuen,26095,1995-03-24,Melbourne City FC,2380,AUS - A-League,2024/2025,Wide Attacker,86.18,1,10161.0,117.9,1528.0,621.0,219.0,840.0,58.0,9.0,67.0,6.0,16.0,243.0,0.0826690286389135,0.02155299675228816,29.4,58.38098681873627,medium,Средняя нагрузка. Игрок активно вовлечён в интенсивные действия.
Matthew Grimaldi,M. Grimaldi,795527,2003-11-28,Western United,1803,AUS - A-League,2024/2025,Midfield,77.03,1,10127.0,131.46,1555.0,710.0,135.0,845.0,61.0,9.0,70.0,6.0,10.0,182.0,0.0834403080872914,0.01333070010862052,27.9,58.2355294727582,medium,Средняя нагрузка. Игрок активно вовлечён в интенсивные действия.
Keegan Jelacic,K. Jelacic,560986,2002-07-31,Brisbane Roar FC,1802,AUS - A-League,2024/2025,Full Back,95.68,1,11235.0,117.42,1369.0,525.0,202.0,727.0,57.0,13.0,70.0,6.0,15.0,244.0,0.06470850022251891,0.01797952825990209,29.5,57.37384767671344,medium,Средняя нагрузка. Игрок активно вовлечён в интенсивные действия.
Nathaniel Atkinson,N. Atkinson,104563,1999-06-13,Melbourne City FC,2380,AUS - A-League,2024/2025,Wide Attacker,97.7,1,11634.0,119.08,1887.0,580.0,125.0,705.0,54.0,9.0,63.0,8.0,20.0,239.0,0.06059824651882414,0.010744369950146123,27.4,57.32770514707849,medium,Средняя нагрузка. Игрок активно вовлечён в интенсивные действия.
Kealey Adamson,K. Adamson,808580,2003-02-17,Macarthur FC,1804,AUS - A-League,2024/2025,Wide Attacker,104.58,1,11082.0,105.96,1614.0,666.0,186.0,852.0,63.0,12.0,75.0,6.0,24.0,249.0,0.0768814293448836,0.016783974011911208,27.6,56.772088040668926,medium,Средняя нагрузка. Игрок активно вовлечён в интенсивные действия.
Nathan Amanatidis,N. Amanatidis,800913,2006-01-23,Brisbane Roar FC,1802,AUS - A-League,2024/2025,Center Forward,67.32,1,8396.0,124.72,1420.0,643.0,230.0,873.0,59.0,16.0,75.0,3.0,9.0,165.0,0.1039780848022868,0.02739399714149595,31.2,55.94869881306495,medium,Средняя нагрузка. Игрок активно вовлечён в интенсивные действия.
Jarrod Carluccio,J. Carluccio,795533,2001-02-08,Western Sydney Wanderers FC,2902,AUS - A-League,2024/2025,Full Back,75.38,1,9184.0,121.83,1514.0,725.0,109.0,834.0,60.0,10.0,70.0,6.0,21.0,208.0,0.09081010452961673,0.011868466898954703,26.7,55.67949368563651,medium,Средняя нагрузка. Игрок активно вовлечён в интенсивные действия.
Harry  Sawyer,H. Sawyer,966118,1996-12-31,Macarthur FC,1804,AUS - A-League,2024/2025,Center Forward,100.82,1,10972.0,108.83,1447.0,619.0,106.0,725.0,58.0,6.0,64.0,9.0,26.0,256.0,0.06607728764126869,0.00966095515858549,26.7,55.29574174907883,medium,Средняя нагрузка. Игрок активно вовлечён в интенсивные действия.
Jake Hollman,J. Hollman,51648,2001-08-26,Macarthur FC,1804,AUS - A-League,2024/2025,Wide Attacker,98.12,1,11664.0,118.88,2028.0,624.0,148.0,772.0,56.0,7.0,63.0,6.0,13.0,168.0,0.06618655692729766,0.012688614540466393,28.7,55.236673695672195,medium,Средняя нагрузка. Игрок активно вовлечён в интенсивные действия.
Taras  Gomulka,T. Gomulka,51694,2001-09-16,Perth Glory Football Club,871,AUS - A-League,2024/2025,Center Forward,94.82,1,12468.0,131.5,2266.0,483.0,70.0,553.0,45.0,7.0,52.0,7.0,15.0,243.0,0.044353545075393006,0.005614372794353545,26.2,55.109203932686256,medium,Средняя нагрузка. Игрок активно вовлечён в интенсивные действия.
Oscar James Moncrieff Priestman,O. Priestman,795525,2003-03-25,Western Sydney Wanderers FC,2902,AUS - A-League,2024/2025,Wide Attacker,63.15,1,8674.0,137.36,1567.0,533.0,189.0,722.0,50.0,11.0,61.0,4.0,10.0,167.0,0.08323726077934056,0.021789255245561447,27.7,54.79173071325076,medium,Средняя нагрузка. Игрок активно вовлечён в интенсивные действия.
Ryan White,R. White,962802,2004-05-23,Adelaide United Football Club,866,AUS - A-League,2024/2025,Midfield,96.53,1,13173.0,136.46,2702.0,567.0,74.0,641.0,50.0,6.0,56.0,3.0,9.0,230.0,0.048660138161390726,0.005617551051393001,26.2,54.67424360529366,medium,Средняя нагрузка. Игрок активно вовлечён в интенсивные действия.
Nicholas Pennington,N. Pennington,795530,1998-12-18,Perth Glory Football Club,871,AUS - A-League,2024/2025,Center Forward,98.88,1,13046.0,131.93,2240.0,558.0,79.0,637.0,43.0,5.0,48.0,5.0,13.0,204.0,0.04882722673616434,0.006055495937452093,26.3,54.526894510096064,medium,Средняя нагрузка. Игрок активно вовлечён в интенсивные действия.
Abdelelah Faisal,A. Faisal,966114,2005-10-27,Central Coast Mariners Football Club,870,AUS - A-League,2024/2025,Wide Attacker,69.93,1,7880.0,112.68,1096.0,486.0,236.0,722.0,54.0,13.0,67.0,6.0,21.0,191.0,0.0916243654822335,0.029949238578680204,31.5,54.14908312317661,medium,Средняя нагрузка. Игрок активно вовлечён в интенсивные действия.
Noah Smith,N. Smith,51039,2000-12-15,Central Coast Mariners Football Club,870,AUS - A-League,2024/2025,Full Back,82.65,1,9663.0,116.91,1421.0,671.0,162.0,833.0,56.0,12.0,68.0,5.0,13.0,229.0,0.08620511228396978,0.016764979819931698,27.8,53.57221825825182,medium,Средняя нагрузка. Игрок активно вовлечён в интенсивные действия.
Lawrence Wong,L. Wong,972648,2007-10-06,Melbourne City FC,2380,AUS - A-League,2024/2025,Center Forward,65.18,1,8495.0,130.32,1616.0,680.0,106.0,786.0,54.0,6.0,60.0,5.0,16.0,183.0,0.09252501471453796,0.012477928193054738,26.8,53.56007683892078,medium,Средняя нагрузка. Игрок активно вовлечён в интенсивные действия.
Rafael Struick,R. Struick,155687,2003-03-27,Brisbane Roar FC,1802,AUS - A-League,2024/2025,Wide Attacker,61.35,1,7571.0,123.41,1098.0,466.0,256.0,722.0,49.0,9.0,58.0,5.0,11.0,167.0,0.0953638885219918,0.03381323471139876,31.5,53.228493896667345,medium,Средняя нагрузка. Игрок активно вовлечён в интенсивные действия.
Dane James Ingham,Dane Ingham,50983,1999-06-08,Newcastle United Jets FC,1805,AUS - A-League,2024/2025,Wide Attacker,70.05,1,8199.0,117.04,943.0,403.0,305.0,708.0,41.0,11.0,52.0,6.0,11.0,154.0,0.08635199414562751,0.037199658494938406,31.9,52.799718611305074,medium,Средняя нагрузка. Игрок активно вовлечён в интенсивные действия.
Kaelan Majekodunmi,K. Majekodunmi,799157,2004-02-21,Perth Glory Football Club,871,AUS - A-League,2024/2025,Full Back,65.7,1,7812.0,118.9,1153.0,443.0,213.0,656.0,49.0,14.0,63.0,6.0,19.0,178.0,0.08397337429595494,0.027265745007680493,29.7,52.410994710622376,medium,Средняя нагрузка. Игрок активно вовлечён в интенсивные действия.
Max Caputo,M. Caputo,159945,2005-08-17,Melbourne City FC,2380,AUS - A-League,2024/2025,Wide Attacker,98.28,1,11247.0,114.43,1610.0,545.0,86.0,631.0,61.0,8.0,69.0,7.0,17.0,241.0,0.05610384991553303,0.007646483506712902,27.0,52.118461018557205,medium,Средняя нагрузка. Игрок активно вовлечён в интенсивные действия.
Logan Rogerson,L. Rogerson,133501,1998-05-28,Auckland FC,4177,AUS - A-League,2024/2025,Center Forward,62.62,1,7537.0,120.37,1243.0,546.0,234.0,780.0,61.0,14.0,75.0,4.0,7.0,168.0,0.10348945203661934,0.031046835610985802,29.7,51.381472041732735,medium,Средняя нагрузка. Игрок активно вовлечён в интенсивные действия.
Bernardo  Oliveira,B. Oliveira,795501,2004-03-16,Macarthur FC,1804,AUS - A-League,2024/2025,Wide Attacker,60.82,1,6982.0,114.8,959.0,488.0,190.0,678.0,47.0,10.0,57.0,9.0,17.0,165.0,0.09710684617588083,0.027212832999140648,29.0,50.58291516077795,medium,Средняя нагрузка. Игрок активно вовлечён в интенсивные действия.
Alexander Badolato,A. Badolato,795521,2005-02-23,Melbourne Victory Football Club,868,AUS - A-League,2024/2025,Midfield,75.37,1,9360.0,124.19,1746.0,594.0,113.0,707.0,56.0,7.0,63.0,4.0,12.0,198.0,0.07553418803418803,0.012072649572649573,27.3,50.34625303715401,medium,Средняя нагрузка. Игрок активно вовлечён в интенсивные действия.
Kazuki Nagasawa,K. Nagasawa,27003,1991-12-16,Wellington Phoenix FC,867,AUS - A-League,2024/2025,Wide Attacker,62.67,1,7776.0,124.09,1105.0,464.0,208.0,672.0,43.0,11.0,54.0,6.0,12.0,158.0,0.08641975308641975,0.026748971193415638,27.9,50.20387734021958,medium,Средняя нагрузка. Игрок активно вовлечён в интенсивные действия.
Jaylan Pearman,J. Pearman,966111,2006-04-18,Perth Glory Football Club,871,AUS - A-League,2024/2025,Midfield,91.23,1,11424.0,125.22,2052.0,577.0,87.0,664.0,46.0,3.0,49.0,4.0,10.0,199.0,0.05812324929971989,0.007615546218487395,26.0,49.25335937274957,medium,Средняя нагрузка. Игрок активно вовлечён в интенсивные действия.
Lachlan Bayliss,L. Bayliss,795507,2002-07-24,Newcastle United Jets FC,1805,AUS - A-League,2024/2025,Center Forward,80.62,1,9797.0,121.53,1419.0,620.0,74.0,694.0,44.0,6.0,50.0,6.0,12.0,178.0,0.07083801163621517,0.007553332652852914,26.8,48.693944608171414,medium,Средняя нагрузка. Игрок активно вовлечён в интенсивные действия.
Nathan Amanatidis,N. Amanatidis,800913,2006-01-23,Brisbane Roar FC,1802,AUS - A-League,2024/2025,Wide Attacker,60.35,1,8390.0,139.02,1254.0,469.0,101.0,570.0,38.0,8.0,46.0,2.0,8.0,165.0,0.06793802145411204,0.01203814064362336,28.9,48.02684748035846,medium,Средняя нагрузка. Игрок активно вовлечён в интенсивные действия.
Daniel De Silva,Daniel De Silva,51659,1997-03-06,Macarthur FC,1804,AUS - A-League,2024/2025,Center Forward,90.98,1,10406.0,114.37,1578.0,606.0,69.0,675.0,49.0,5.0,54.0,5.0,16.0,239.0,0.0648664232173746,0.0066307899288871805,26.4,47.885447960719716,medium,Средняя нагрузка. Игрок активно вовлечён в интенсивные действия.
Archie Goodwin,A. Goodwin,51686,2004-11-07,Adelaide United Football Club,866,AUS - A-League,2024/2025,Wide Attacker,80.6,1,9310.0,115.51,1355.0,529.0,101.0,630.0,54.0,7.0,61.0,6.0,11.0,213.0,0.06766917293233082,0.010848549946294308,27.4,47.243292105818014,medium,Средняя нагрузка. Игрок активно вовлечён в интенсивные действия.
Marin Jakoliš,M. Jakoliš,6871,1996-12-26,Macarthur FC,1804,AUS - A-League,2024/2025,Midfield,96.2,1,10307.0,107.14,1293.0,469.0,209.0,678.0,48.0,11.0,59.0,3.0,10.0,195.0,0.06578053749878723,0.020277481323372464,30.2,47.19218061242233,medium,Средняя нагрузка. Игрок активно вовлечён в интенсивные действия.
Marin Jakoliš,M. Jakoliš,6871,1996-12-26,Macarthur FC,1804,AUS - A-League,2024/2025,Full Back,98.12,1,9796.0,99.84,1212.0,462.0,193.0,655.0,50.0,13.0,63.0,5.0,22.0,218.0,0.06686402613311555,0.019701919150673746,27.6,47.18747849626197,medium,Средняя нагрузка. Игрок активно вовлечён в интенсивные действия.
Zinédine Machach,Z. Machach,11117,1996-01-05,Melbourne Victory Football Club,868,AUS - A-League,2024/2025,Center Forward,87.83,1,10405.0,118.46,1634.0,501.0,96.0,597.0,48.0,7.0,55.0,5.0,11.0,208.0,0.05737626141278231,0.009226333493512734,26.8,47.0828661918515,medium,Средняя нагрузка. Игрок активно вовлечён в интенсивные действия.
Louis Zabala,L. Zabala,560898,2001-01-25,Brisbane Roar FC,1802,AUS - A-League,2024/2025,Central Defender,102.23,1,12103.0,118.39,1633.0,485.0,49.0,534.0,36.0,4.0,40.0,4.0,16.0,242.0,0.044121292241592995,0.004048582995951417,26.9,46.76227521967489,medium,Средняя нагрузка. Игрок активно вовлечён в интенсивные действия.
Haine Anthony Eames,H. Eames,923864,2008-02-27,Central Coast Mariners Football Club,870,AUS - A-League,2024/2025,Wide Attacker,72.5,1,8718.0,120.25,1400.0,631.0,98.0,729.0,50.0,6.0,56.0,2.0,17.0,195.0,0.0836200963523744,0.011241110346409728,26.3,46.75017954612906,medium,Средняя нагрузка. Игрок активно вовлечён в интенсивные действия.
Hideki Ishige,H. Ishige,26969,1994-09-21,Wellington Phoenix FC,867,AUS - A-League,2024/2025,Midfield,85.92,1,9754.0,113.53,1420.0,534.0,104.0,638.0,50.0,6.0,56.0,5.0,13.0,186.0,0.06540906294853394,0.010662292392864465,27.1,45.96022999845586,medium,Средняя нагрузка. Игрок активно вовлечён в интенсивные действия.
Clayton Taylor,C. Taylor,795506,2004-03-01,Newcastle United Jets FC,1805,AUS - A-League,2024/2025,Center Forward,61.32,1,8296.0,135.3,1508.0,590.0,60.0,650.0,44.0,3.0,47.0,4.0,4.0,155.0,0.078351012536162,0.007232401157184185,25.8,45.71152365550262,medium,Средняя нагрузка. Игрок активно вовлечён в интенсивные действия.
Jing Lual Reec,J. Reec,471017,2003-06-12,Melbourne Victory Football Club,868,AUS - A-League,2024/2025,Wide Attacker,62.2,1,6746.0,108.46,828.0,377.0,211.0,588.0,43.0,12.0,55.0,7.0,18.0,146.0,0.08716276311888527,0.03127779424844352,29.6,45.69542374344553,medium,Средняя нагрузка. Игрок активно вовлечён в интенсивные действия.
Neicer Aldhair Acosta Mendez,N. Acosta,333110,2002-12-12,Brisbane Roar FC,1802,AUS - A-League,2024/2025,Wide Attacker,82.12,1,8783.0,106.96,1092.0,422.0,146.0,568.0,47.0,7.0,54.0,5.0,13.0,223.0,0.0646703859729022,0.016623021746555847,30.1,44.513705274856534,medium,Средняя нагрузка. Игрок активно вовлечён в интенсивные действия.
Joe Caletti,J. Caletti,50973,1998-09-14,Brisbane Roar FC,1802,AUS - A-League,2024/2025,Midfield,68.68,1,9111.0,132.65,1756.0,473.0,31.0,504.0,40.0,4.0,44.0,3.0,12.0,194.0,0.05531774777741192,0.003402480518055098,25.2,44.0087577332348,medium,Средняя нагрузка. Игрок активно вовлечён в интенсивные действия.
Ben Folami,B. Folami,18811,1999-06-08,Adelaide United Football Club,866,AUS - A-League,2024/2025,Midfield,70.33,1,7377.0,104.89,856.0,494.0,143.0,637.0,44.0,10.0,54.0,7.0,15.0,184.0,0.0863494645519859,0.01938457367493561,28.0,43.42106497328414,medium,Средняя нагрузка. Игрок активно вовлечён в интенсивные действия.
Miguel Di Pizio,M. Di Pizio,795514,2006-01-04,Central Coast Mariners Football Club,870,AUS - A-League,2024/2025,Center Forward,88.65,1,10305.0,116.24,1502.0,448.0,56.0,504.0,44.0,7.0,51.0,4.0,15.0,201.0,0.04890829694323144,0.005434255215914605,26.0,43.17251826285414,medium,Средняя нагрузка. Игрок активно вовлечён в интенсивные действия.
Trent Sainsbury,T. Sainsbury,10549,1992-01-05,Central Coast Mariners Football Club,870,AUS - A-League,2024/2025,Full Back,97.3,1,10408.0,106.97,1427.0,350.0,112.0,462.0,37.0,6.0,43.0,6.0,12.0,206.0,0.04438893159108378,0.010760953112990008,29.9,43.09579689783978,medium,Средняя нагрузка. Игрок активно вовлечён в интенсивные действия.
Fabian Monge,F. Monge,796012,2001-06-12,Melbourne Victory Football Club,868,AUS - A-League,2024/2025,Midfield,64.9,1,8853.0,136.41,1886.0,559.0,15.0,574.0,40.0,3.0,43.0,2.0,7.0,157.0,0.06483677849316616,0.0016943409013893595,24.8,42.85424761053163,medium,Средняя нагрузка. Игрок активно вовлечён в интенсивные действия.
Fabian Talladira,F. Talladira,973078,2006-02-04,Adelaide United Football Club,866,AUS - A-League,2024/2025,Full Back,96.0,1,10484.0,109.21,1334.0,397.0,76.0,473.0,39.0,5.0,44.0,5.0,16.0,231.0,0.045116367798550175,0.007249141549027089,27.5,42.65061867195969,medium,Средняя нагрузка. Игрок активно вовлечён в интенсивные действия.
Francisco de Oliveira Geraldes,Chico Geraldes,12780,1995-04-18,Wellington Phoenix FC,867,AUS - A-League,2024/2025,Wide Attacker,68.5,1,8143.0,118.88,1335.0,432.0,104.0,536.0,40.0,6.0,46.0,5.0,12.0,183.0,0.06582340660690163,0.012771705759548078,26.6,42.63293336697609,medium,Средняя нагрузка. Игрок активно вовлечён в интенсивные действия.
Walid Shour,Walid Shour,287934,1996-06-10,Brisbane Roar FC,1802,AUS - A-League,2024/2025,Full Back,74.18,1,8861.0,119.45,1259.0,318.0,88.0,406.0,32.0,6.0,38.0,6.0,9.0,215.0,0.04581875634804198,0.009931159011398263,29.1,42.4910600378232,medium,Средняя нагрузка. Игрок активно вовлечён в интенсивные действия.
Jordan Lauton,J. Lauton,809670,2003-04-01,Western United,1803,AUS - A-League,2024/2025,Midfield,79.5,1,10300.0,129.56,2151.0,530.0,33.0,563.0,40.0,2.0,42.0,2.0,7.0,169.0,0.05466019417475728,0.003203883495145631,24.6,42.36593207191831,medium,Средняя нагрузка. Игрок активно вовлечён в интенсивные действия.
Takuya Okamoto,T. Okamoto,26981,1992-06-18,Perth Glory Football Club,871,AUS - A-League,2024/2025,Central Defender,97.02,1,10670.0,109.98,1294.0,482.0,70.0,552.0,44.0,4.0,48.0,4.0,10.0,233.0,0.05173383317713215,0.006560449859418931,27.3,42.27803613356278,medium,Средняя нагрузка. Игрок активно вовлечён в интенсивные действия.
Mohamed Al-Taay,M. Al-Taay,735576,2000-06-15,Wellington Phoenix FC,867,AUS - A-League,2024/2025,Midfield,62.65,1,7877.0,125.73,1320.0,550.0,29.0,579.0,41.0,1.0,42.0,4.0,11.0,223.0,0.07350514155135204,0.0036816046718293766,24.7,41.889662962695425,medium,Средняя нагрузка. Игрок активно вовлечён в интенсивные действия.
Reno Piscopo,R. Piscopo,51714,1998-05-27,Melbourne Victory Football Club,868,AUS - A-League,2024/2025,Center Forward,67.92,1,8263.0,121.66,1347.0,351.0,114.0,465.0,40.0,6.0,46.0,4.0,8.0,150.0,0.05627496066803824,0.01379644197022873,28.8,41.79863229412059,medium,Средняя нагрузка. Игрок активно вовлечён в интенсивные действия.
Thomas Aquilina,T. Aquilina,735573,2001-02-02,Newcastle United Jets FC,1805,AUS - A-League,2024/2025,Central Defender,98.65,1,10640.0,107.86,1283.0,351.0,76.0,427.0,31.0,4.0,35.0,7.0,12.0,214.0,0.04013157894736842,0.007142857142857143,28.7,41.77721110511534,medium,Средняя нагрузка. Игрок активно вовлечён в интенсивные действия.
Jarrod Carluccio,J. Carluccio,795533,2001-02-08,Perth Glory Football Club,871,AUS - A-League,2024/2025,Full Back,96.52,2,5752.25,119.2,857.25,384.0,152.75,536.75,36.5,7.5,44.0,4.5,12.5,134.25,0.09331131296449216,0.026554826372289106,29.15,41.319183315279034,medium,Средняя нагрузка. Игрок активно вовлечён в интенсивные действия.
Dean Bosnjak,D. Bosnjak,966117,2006-10-11,Macarthur FC,1804,AUS - A-League,2024/2025,Wide Attacker,62.53,1,7322.0,117.09,1194.0,390.0,118.0,508.0,40.0,7.0,47.0,4.0,12.0,159.0,0.0693799508331057,0.016115815350996994,28.5,41.02317229693739,medium,Средняя нагрузка. Игрок активно вовлечён в интенсивные действия.
David Williams,D. Williams,560984,1988-02-26,Perth Glory Football Club,871,AUS - A-League,2024/2025,Center Forward,99.1,1,11082.0,111.83,1404.0,467.0,30.0,497.0,39.0,3.0,42.0,5.0,8.0,209.0,0.0448475004511821,0.0027070925825663237,25.7,40.02333296739624,medium,Средняя нагрузка. Игрок активно вовлечён в интенсивные действия.
Kasey Bos,K. Bos,811820,2004-05-08,Melbourne Victory Football Club,868,AUS - A-League,2024/2025,Wide Attacker,64.38,1,7809.0,121.29,1317.0,390.0,104.0,494.0,33.0,4.0,37.0,3.0,9.0,163.0,0.06326034063260341,0.013317966448969138,28.2,39.88477714327041,medium,Средняя нагрузка. Игрок активно вовлечён в интенсивные действия.
Nathan Walker,N. Walker,799453,2006-01-30,Wellington Phoenix FC,867,AUS - A-League,2024/2025,Full Back,84.72,2,4939.75,116.61,695.25,371.75,161.25,533.0,34.75,8.0,42.75,3.75,13.75,123.5,0.10790019737840983,0.032643352396376335,30.0,39.592191978060676,medium,Средняя нагрузка. Игрок активно вовлечён в интенсивные действия.
David Williams,D. Williams,560984,1988-02-26,Perth Glory Football Club,871,AUS - A-League,2024/2025,Wide Attacker,68.52,1,8153.0,118.99,1342.0,375.0,80.0,455.0,33.0,5.0,38.0,3.0,13.0,175.0,0.05580767815528027,0.009812339016313013,28.0,39.5808312885393,medium,Средняя нагрузка. Игрок активно вовлечён в интенсивные действия.
Steven Ugarković,S. Ugarković,51681,1994-08-19,Melbourne City FC,2380,AUS - A-League,2024/2025,Center Forward,97.93,2,6437.5,131.47,1097.0,346.25,89.0,435.25,32.25,6.5,38.75,3.0,6.25,123.5,0.0676116504854369,0.013825242718446602,27.85,39.08910648082682,medium,Средняя нагрузка. Игрок активно вовлечён в интенсивные действия.
Jacob  Brazete,J. Brazete,965698,2006-01-20,Brisbane Roar FC,1802,AUS - A-League,2024/2025,Midfield,85.33,1,9841.0,115.32,1294.0,427.0,65.0,492.0,36.0,6.0,42.0,2.0,12.0,210.0,0.04999491921552688,0.0066050198150594455,25.7,39.072208814190375,medium,Средняя нагрузка. Игрок активно вовлечён в интенсивные действия.
Miguel Di Pizio,M. Di Pizio,795514,2006-01-04,Central Coast Mariners Football Club,870,AUS - A-League,2024/2025,Wide Attacker,66.03,1,7760.0,117.52,1158.0,398.0,95.0,493.0,38.0,6.0,44.0,3.0,10.0,142.0,0.06353092783505154,0.012242268041237113,28.3,39.02781976533949,medium,Средняя нагрузка. Игрок активно вовлечён в интенсивные действия.
Tim Payne,T. Payne,51017,1994-01-10,Wellington Phoenix FC,867,AUS - A-League,2024/2025,Central Defender,96.95,1,9808.0,101.17,1102.0,368.0,145.0,513.0,36.0,8.0,44.0,4.0,9.0,188.0,0.0523042414355628,0.014783849918433931,28.7,38.674644816862354,medium,Средняя нагрузка. Игрок активно вовлечён в интенсивные действия.
Juan Manuel Mata García,Juan Mata,5521,1988-04-28,Western Sydney Wanderers FC,2902,AUS - A-League,2024/2025,Center Forward,63.18,1,7734.0,122.41,1212.0,516.0,36.0,552.0,35.0,3.0,38.0,3.0,9.0,153.0,0.07137315748642359,0.004654771140418929,25.7,38.191503626585195,medium,Средняя нагрузка. Игрок активно вовлечён в интенсивные действия.
Florin Bérenguer,F. Bérenguer,560882,1989-04-01,Brisbane Roar FC,1802,AUS - A-League,2024/2025,Wide Attacker,67.32,1,8100.0,120.33,1185.0,393.0,44.0,437.0,32.0,2.0,34.0,3.0,13.0,156.0,0.05395061728395062,0.005432098765432099,26.9,37.61959081052765,medium,Средняя нагрузка. Игрок активно вовлечён в интенсивные действия.
Mohamed Al-Taay,M. Al-Taay,735576,2000-06-15,Western Sydney Wanderers FC,2902,AUS - A-League,2024/2025,Midfield,79.6,1,9873.0,124.03,1792.0,312.0,8.0,320.0,30.0,2.0,32.0,3.0,12.0,235.0,0.03241162767142713,0.0008102906917856781,24.3,37.42176424465351,medium,Средняя нагрузка. Игрок активно вовлечён в интенсивные действия.
Ryan Kitto,R. Kitto,23925,1994-08-09,Adelaide United Football Club,866,AUS - A-League,2024/2025,Wide Attacker,84.88,2,4994.75,117.7,722.25,382.25,135.0,517.25,35.0,7.5,42.5,3.25,10.5,111.75,0.10355873667350718,0.027028379798788728,28.5,36.886822040343375,medium,Средняя нагрузка. Игрок активно вовлечён в интенсивные действия.
Oliver Lavale,O. Lavale,818284,2005-04-05,Western United,1803,AUS - A-League,2024/2025,Center Forward,75.62,2,4802.75,127.03,738.0,336.25,88.5,424.75,31.0,5.5,36.5,4.25,7.5,103.25,0.08843891520483056,0.01842694289729842,27.9,36.30179544557202,medium,Средняя нагрузка. Игрок активно вовлечён в интенсивные действия.
Valère Germain,V. Germain,10623,1990-04-17,Macarthur FC,1804,AUS - A-League,2024/2025,Wide Attacker,98.12,1,9815.0,100.03,1217.0,253.0,73.0,326.0,30.0,4.0,34.0,7.0,9.0,202.0,0.033214467651553746,0.007437595517065716,27.7,34.7659833705323,medium,Средняя нагрузка. Игрок активно вовлечён в интенсивные действия.
Andrew  Nabbout,A. Nabbout,11887,1992-12-17,Melbourne City FC,2380,AUS - A-League,2024/2025,Center Forward,95.58,2,5420.5,113.42,678.25,349.75,123.25,473.0,34.75,7.75,42.5,3.25,6.75,107.0,0.0872613227562033,0.022737754819666084,29.65,34.65814563941813,medium,Средняя нагрузка. Игрок активно вовлечён в интенсивные действия.
Yianni Nicolaou,Y. Nicolaou,795516,2000-01-05,Macarthur FC,1804,AUS - A-League,2024/2025,Full Back,76.15,2,4416.5,115.99,635.75,327.25,145.5,472.75,30.0,6.5,36.5,3.0,9.0,100.0,0.10704177516132685,0.032944639420355484,29.45,34.37129774345075,medium,Средняя нагрузка. Игрок активно вовлечён в интенсивные действия.
Sebastian Pasquali,S. Pasquali,51701,1999-11-07,Western United,1803,AUS - A-League,2024/2025,Midfield,75.92,2,5174.75,136.33,1159.25,386.0,49.25,435.25,26.0,2.75,28.75,1.25,4.75,99.5,0.08411034349485483,0.00951736798879173,25.85,34.1791078259439,medium,Средняя нагрузка. Игрок активно вовлечён в интенсивные действия.
Harry Crawford,H. Crawford,998842,1991-12-10,Adelaide United Football Club,866,AUS - A-League,2024/2025,Full Back,101.42,2,5518.0,108.82,689.25,329.75,121.75,451.5,29.25,6.0,35.25,3.5,9.5,113.75,0.08182312432040595,0.022064153678869155,31.05,34.032402810318004,medium,Средняя нагрузка. Игрок активно вовлечён в интенсивные действия.
Kota Mizunuma,K. Mizunuma,152111,1990-02-22,Newcastle United Jets FC,1805,AUS - A-League,2024/2025,Full Back,94.29,2,5479.0,116.21,914.5,367.75,91.75,459.5,29.5,5.75,35.25,3.75,9.25,129.75,0.08386566891768571,0.016745756524913304,27.05,33.89781383442446,medium,Средняя нагрузка. Игрок активно вовлечён в интенсивные действия.
Max Burgess,M. Burgess,51700,1995-01-16,Sydney Football Club,869,AUS - A-League,2024/2025,Wide Attacker,91.26,2,5879.0,128.84,1030.5,363.0,61.5,424.5,27.25,3.75,31.0,1.5,4.75,93.75,0.07220615750978057,0.010460962748766798,27.1,33.63726425949431,medium,Средняя нагрузка. Игрок активно вовлечён в интенсивные действия.
Sam Sutton,S. Sutton,51028,2001-12-10,Wellington Phoenix FC,867,AUS - A-League,2024/2025,Wide Attacker,98.84,2,5488.75,111.06,751.25,293.5,92.0,385.5,29.75,5.25,35.0,5.0,10.25,127.5,0.07023457071282169,0.01676155773172398,28.2,32.83942740341476,low,Низкая нагрузка по сравнению с другими игроками датасета.
Lawrence Wong,L. Wong,972648,2007-10-06,Melbourne City FC,2380,AUS - A-League,2024/2025,Midfield,74.33,2,4833.75,130.06,919.5,292.75,46.25,339.0,26.5,2.75,29.25,2.25,5.5,101.75,0.07013188518231186,0.009568140677527799,27.6,32.15664882339404,low,Низкая нагрузка по сравнению с другими игроками датасета.
Lukas Kelly-Heald,L. Kelly-Heald,698141,2005-03-18,Wellington Phoenix FC,867,AUS - A-League,2024/2025,Full Back,99.53,2,5487.75,110.27,689.0,269.25,113.5,382.75,26.25,5.75,32.0,4.25,7.75,137.25,0.06974625301808574,0.020682429046512688,29.0,32.08304643494784,low,Низкая нагрузка по сравнению с другими игроками датасета.
Henry Hore,H. Hore,560901,1999-08-17,Brisbane Roar FC,1802,AUS - A-League,2024/2025,Midfield,97.15,2,6324.25,130.2,1080.0,257.75,34.5,292.25,25.25,2.25,27.5,2.0,6.5,122.75,0.04621101316361624,0.005455192315294304,25.75,32.003080831640496,low,Низкая нагрузка по сравнению с другими игроками датасета.
Tim Payne,T. Payne,51017,1994-01-10,Wellington Phoenix FC,867,AUS - A-League,2024/2025,Wide Attacker,97.01,2,5318.0,109.64,710.25,359.5,103.25,462.75,31.5,6.0,37.5,3.0,8.0,112.25,0.08701579541180895,0.019415193681835276,28.7,31.847235303847434,low,Низкая нагрузка по сравнению с другими игроками датасета.
Cameron Drew Howieson,C. Howieson,133495,1994-12-22,Auckland FC,4177,AUS - A-League,2024/2025,Midfield,73.53,2,4523.25,123.03,920.25,348.5,62.25,410.75,26.75,3.5,30.25,2.5,8.0,106.75,0.090808600011054,0.013762228486154866,27.4,31.807091979719736,low,Низкая нагрузка по сравнению с другими игроками датасета.
Wellissol Santos de Oliveira,Wellissol,33001,1998-02-16,Newcastle United Jets FC,1805,AUS - A-League,2024/2025,Center Forward,63.38,2,3670.75,115.84,565.25,245.75,86.75,332.5,26.75,5.25,32.0,5.75,7.75,90.75,0.09058094394878431,0.02363277259415651,29.8,31.44401130908915,low,Низкая нагрузка по сравнению с другими игроками датасета.
William  Freney,W. Freney,966113,2005-11-04,Perth Glory Football Club,871,AUS - A-League,2024/2025,Wide Attacker,68.04,2,4516.5,132.76,859.75,314.25,32.25,346.5,23.75,2.75,26.5,1.75,7.25,106.5,0.07671869810694122,0.007140484888741282,26.0,31.424646449344937,low,Низкая нагрузка по сравнению с другими игроками датасета.
Luke Brooke-Smith,L. Brooke-Smith,972687,2008-06-06,Wellington Phoenix FC,867,AUS - A-League,2024/2025,Wide Attacker,67.16,3,2911.6666666666665,130.06,482.22333333333336,226.66666666666666,87.11,313.7766666666667,21.55666666666667,4.11,25.666666666666668,2.3333333333333335,6.776666666666666,61.99666666666667,0.10776531196336578,0.029917572982255294,29.63,31.012869741309387,low,Низкая нагрузка по сравнению с другими игроками датасета.
Khoa Ngo,K. Ngo,966115,2006-06-30,Perth Glory Football Club,871,AUS - A-League,2024/2025,Wide Attacker,65.11,2,3964.75,121.79,553.75,295.25,65.0,360.25,24.5,5.25,29.75,3.0,10.0,94.0,0.09086323223406267,0.01639447632259285,28.0,30.992210011210094,low,Низкая нагрузка по сравнению с другими игроками датасета.
Keegan Jelacic,K. Jelacic,560986,2002-07-31,Brisbane Roar FC,1802,AUS - A-League,2024/2025,Center Forward,92.59,3,3958.3333333333335,128.25,628.11,249.66666666666666,76.77666666666667,326.4433333333333,21.333333333333332,4.223333333333334,25.55666666666667,1.6666666666666667,4.223333333333334,69.11333333333333,0.0824698947368421,0.01939621052631579,29.07,30.205784419953687,low,Низкая нагрузка по сравнению с другими игроками датасета.
Francisco de Oliveira Geraldes,Chico Geraldes,12780,1995-04-18,Wellington Phoenix FC,867,AUS - A-League,2024/2025,Midfield,85.3,2,5128.0,120.23,755.0,267.0,76.25,343.25,23.5,4.0,27.5,1.75,5.75,101.75,0.06693642745709828,0.014869344773790951,28.5,29.91509021186359,low,Низкая нагрузка по сравнению с другими игроками датасета.
Harry Crawford,H. Crawford,1002177,2007-02-03,Adelaide United Football Club,866,AUS - A-League,2024/2025,Full Back,77.19,2,4297.5,111.35,539.5,267.25,84.5,351.75,26.25,5.5,31.75,3.5,10.75,105.5,0.0818499127399651,0.01966259453170448,29.15,29.761611462426842,low,Низкая нагрузка по сравнению с другими игроками датасета.
Marco Tilio,M. Tilio,159941,2001-08-23,Melbourne City FC,2380,AUS - A-League,2024/2025,Midfield,95.96,2,5413.5,112.83,677.5,292.75,83.5,376.25,27.0,4.0,31.0,2.0,5.75,91.5,0.06950217049967673,0.015424401958067794,29.9,29.685075178522304,low,Низкая нагрузка по сравнению с другими игроками датасета.
Joshua Damevski,J. Damevski,966116,2005-09-30,Macarthur FC,1804,AUS - A-League,2024/2025,Central Defender,86.02,1,8348.0,97.05,943.0,318.0,57.0,375.0,26.0,3.0,29.0,5.0,7.0,169.0,0.0449209391471011,0.006827982750359367,27.8,29.57299730095643,low,Низкая нагрузка по сравнению с другими игроками датасета.
Douglas  Costa de Souza,Douglas Costa,2858,1990-09-14,Sydney Football Club,869,AUS - A-League,2024/2025,Midfield,67.57,1,7843.0,116.08,1307.0,318.0,10.0,328.0,26.0,2.0,28.0,3.0,7.0,135.0,0.041820731862807596,0.0012750223128904757,24.6,29.548675378733506,low,Низкая нагрузка по сравнению с другими игроками датасета.
Bailey Brandtman,B. Brandtman,808609,2005-06-28,Central Coast Mariners Football Club,870,AUS - A-League,2024/2025,Center Forward,60.63,2,3937.0,129.86,713.5,297.5,46.25,343.75,22.25,2.5,24.75,2.25,4.5,72.75,0.08731267462534925,0.01174752349504699,26.7,29.43672012229968,low,Низкая нагрузка по сравнению с другими игроками датасета.
Jarrod Carluccio,J. Carluccio,795533,2001-02-08,Perth Glory Football Club,871,AUS - A-League,2024/2025,Wide Attacker,92.17,3,3769.0,122.67,625.89,275.0,78.55666666666666,353.5566666666667,24.333333333333332,4.443333333333333,28.776666666666667,2.0,6.776666666666666,83.21999999999998,0.09380649155390466,0.020842840718139206,27.87,29.270658441024352,low,Низкая нагрузка по сравнению с другими игроками датасета.
Bailey Brandtman,B. Brandtman,808609,2005-06-28,Central Coast Mariners Football Club,870,AUS - A-League,2024/2025,Wide Attacker,67.48,2,4265.0,126.4,701.0,300.75,50.5,351.25,22.0,2.75,24.75,1.75,6.25,95.75,0.08235638921453693,0.011840562719812427,26.55,29.178332545356483,low,Низкая нагрузка по сравнению с другими игроками датасета.
Fin Conchie,F. Conchie,698142,2003-08-10,Wellington Phoenix FC,867,AUS - A-League,2024/2025,Midfield,68.12,2,4472.75,131.31,910.0,248.0,22.75,270.75,21.0,1.5,22.5,1.75,6.75,108.0,0.060533228997820133,0.005086356268514895,25.8,28.83609760468249,low,Низкая нагрузка по сравнению с другими игроками датасета.
Dean Pelekanos,D. Pelekanos,957034,2001-01-05,Western Sydney Wanderers FC,2902,AUS - A-League,2024/2025,Midfield,90.42,2,5767.0,127.55,967.0,231.5,36.5,268.0,17.25,2.0,19.25,1.5,4.75,106.0,0.04647130223686492,0.006329113924050633,25.65,28.162751722788414,low,Низкая нагрузка по сравнению с другими игроками датасета.
Daniel De Silva,Daniel De Silva,51659,1997-03-06,Macarthur FC,1804,AUS - A-League,2024/2025,Midfield,70.42,2,4365.25,123.97,772.0,271.25,38.25,309.5,22.5,1.75,24.25,2.25,5.5,95.5,0.07090086478437661,0.008762384743141859,26.95,27.93867772804273,low,Низкая нагрузка по сравнению с другими игроками датасета.
Marin Jakoliš,M. Jakoliš,6871,1996-12-26,Macarthur FC,1804,AUS - A-League,2024/2025,Center Forward,99.78,2,5375.75,107.75,681.0,218.5,85.75,304.25,24.5,4.25,28.75,2.75,6.75,98.5,0.056596753941310515,0.015951262614518905,30.45,27.855589613111146,low,Низкая нагрузка по сравнению с другими игроками датасета.
Francisco de Oliveira Geraldes,Chico Geraldes,12780,1995-04-18,Wellington Phoenix FC,867,AUS - A-League,2024/2025,Center Forward,90.38,2,5090.75,112.65,720.25,204.75,81.5,286.25,21.5,4.25,25.75,3.25,5.75,110.5,0.056229435741295485,0.016009428866080637,28.5,27.602777840892248,low,Низкая нагрузка по сравнению с другими игроками датасета.
Joe Lolley,J. Lolley,18573,1992-08-25,Sydney Football Club,869,AUS - A-League,2024/2025,Midfield,83.23,2,4952.75,119.01,764.25,241.25,44.75,286.0,23.5,2.5,26.0,2.75,4.5,95.25,0.05774569683509161,0.009035384382413811,27.45,27.29306001470998,low,Низкая нагрузка по сравнению с другими игроками датасета.
Aziz Eraltay Behich,A. Behich,11891,1990-12-16,Melbourne City FC,2380,AUS - A-League,2024/2025,Central Defender,97.92,2,5213.25,106.47,666.0,205.5,89.0,294.5,22.25,4.0,26.25,2.75,7.25,118.25,0.0564906728048722,0.017071884141370546,29.7,26.858697760257087,low,Низкая нагрузка по сравнению с другими игроками датасета.
Bradley Tapp,B. Tapp,795513,2001-01-16,Central Coast Mariners Football Club,870,AUS - A-League,2024/2025,Central Defender,98.21,2,5540.0,112.82,671.5,207.75,45.5,253.25,19.25,3.5,22.75,2.75,7.25,120.25,0.045712996389891694,0.008212996389891697,28.55,26.832692046148413,low,Низкая нагрузка по сравнению с другими игроками датасета.
Clarismario Santos Rodrigues,Clarismario Rodrigues,745320,2001-07-27,Melbourne Victory Football Club,868,AUS - A-League,2024/2025,Full Back,65.47,2,3484.25,106.44,473.5,202.5,91.0,293.5,20.0,4.25,24.25,3.25,5.5,77.25,0.08423620578316711,0.026117528879959818,32.3,25.602838091313412,low,Низкая нагрузка по сравнению с другими игроками датасета.
Sasha Kuzevski,S. Kuzevski,923863,2001-03-27,Central Coast Mariners Football Club,870,AUS - A-League,2024/2025,Full Back,90.48,3,3512.11,116.45,503.89000000000004,210.44333333333336,80.77666666666667,291.2233333333333,19.666666666666668,4.666666666666667,24.333333333333332,2.0,4.89,72.89,0.08291976428225008,0.02299946945473424,29.03,25.54644459641334,low,Низкая нагрузка по сравнению с другими игроками датасета.
Joe Lolley,J. Lolley,18573,1992-08-25,Sydney Football Club,869,AUS - A-League,2024/2025,Full Back,88.2,3,3418.6666666666665,116.28,551.6666666666666,239.66666666666666,44.11000000000001,283.7766666666667,20.0,2.5566666666666666,22.55666666666667,2.223333333333333,6.4433333333333325,79.44333333333333,0.0830079953198128,0.012902691107644308,28.83,24.922739374788513,low,Низкая нагрузка по сравнению с другими игроками датасета.
Zach Clough,Z. Clough,42513,1995-03-08,Adelaide United Football Club,866,AUS - A-League,2024/2025,Midfield,84.53,3,3472.11,123.22,535.7766666666666,207.0,51.333333333333336,258.3333333333333,16.0,2.5566666666666666,18.55666666666667,0.89,2.223333333333333,60.669999999999995,0.07440240468571944,0.014784477834323606,28.57,24.099153629659362,low,Низкая нагрузка по сравнению с другими игроками датасета.
Eli Adams,E. Adams,795505,2002-03-12,Newcastle United Jets FC,1805,AUS - A-League,2024/2025,Midfield,88.19,3,3465.89,117.9,497.10999999999996,181.89,62.443333333333335,244.33333333333334,18.89,4.0,22.89,1.7766666666666666,4.0,68.66666666666667,0.07049656317232611,0.018016536397096657,28.77,24.082411319519608,low,Низкая нагрузка по сравнению с другими игроками датасета.
Adam Zimarino,A. Zimarino,797298,2001-08-28,Brisbane Roar FC,1802,AUS - A-League,2024/2025,Wide Attacker,68.38,2,4099.25,119.89,623.25,229.0,37.75,266.75,20.25,2.75,23.0,1.5,3.5,78.25,0.06507287918521681,0.009209001646642678,26.95,24.058202415053866,low,Низкая нагрузка по сравнению с другими игроками датасета.
Henry Hore,H. Hore,560901,1999-08-17,Brisbane Roar FC,1802,AUS - A-League,2024/2025,Center Forward,93.08,3,3874.556666666667,124.87,644.89,191.55666666666664,29.55666666666667,221.11,16.44333333333333,1.6666666666666667,18.11,1.4433333333333334,4.223333333333334,79.55333333333333,0.05706717413691201,0.00762839963625946,26.53,23.99831950033092,low,Низкая нагрузка по сравнению с другими игроками датасета.
Medin Memeti,M. Memeti,795151,2007-06-20,Melbourne City FC,2380,AUS - A-League,2024/2025,Wide Attacker,83.01,3,3260.11,117.83,468.22333333333336,201.33333333333334,60.22333333333333,261.5566666666667,18.55666666666667,4.0,22.55666666666667,1.89,4.666666666666667,68.67,0.08022939921250101,0.018472791817862995,28.27,23.976352284438683,low,Низкая нагрузка по сравнению с другими игроками датасета.
Walter Scott,W. Scott,51717,1999-10-02,Macarthur FC,1804,AUS - A-League,2024/2025,Wide Attacker,70.99,3,2765.89,116.88,448.22333333333336,187.89,64.55666666666666,252.44333333333336,18.333333333333332,4.0,22.333333333333332,2.0,7.0,67.55666666666667,0.09127019994769617,0.023340287092641666,28.63,23.88656837578971,low,Низкая нагрузка по сравнению с другими игроками датасета.
Aydan Johnathan Hammond ,A. Hammond,809826,2003-12-23,Western Sydney Wanderers FC,2902,AUS - A-League,2024/2025,Wide Attacker,73.55,4,2457.125,133.63,459.0,153.375,28.0,181.375,14.0625,1.6875,15.75,0.9375,4.0625,53.5625,0.07381594342982144,0.011395431652846314,27.02,23.864883509779165,low,Низкая нагрузка по сравнению с другими игроками датасета.
Corban Piper,C. Piper,957734,2002-09-10,Wellington Phoenix FC,867,AUS - A-League,2024/2025,Wide Attacker,84.03,4,2428.5,115.6,365.4375,164.75,67.625,232.375,17.0,3.75,20.75,2.9375,6.6875,61.3125,0.09568663784228948,0.027846407247271977,29.7,23.85868462666416,low,Низкая нагрузка по сравнению с другими игроками датасета.
Lukas Kelly-Heald,L. Kelly-Heald,698141,2005-03-18,Wellington Phoenix FC,867,AUS - A-League,2024/2025,Wide Attacker,79.67,4,2506.9375,125.86,438.625,177.875,43.0625,220.9375,14.3125,2.125,16.4375,1.6875,3.875,55.6875,0.08813043803445439,0.01717733290119917,28.55,23.837447191720685,low,Низкая нагрузка по сравнению с другими игроками датасета.
Abdelelah Faisal,A. Faisal,966114,2005-10-27,Perth Glory Football Club,871,AUS - A-League,2024/2025,Wide Attacker,71.54,3,2741.556666666667,114.97,364.22333333333336,180.0,75.44333333333334,255.44333333333336,19.11,4.443333333333333,23.55666666666667,1.6666666666666667,3.776666666666667,51.223333333333336,0.09317455897926605,0.02751842931084165,30.7,23.54777643421615,low,Низкая нагрузка по сравнению с другими игроками датасета.
Benjamin Mazzeo,B. Mazzeo,771856,2005-07-12,Melbourne City FC,2380,AUS - A-League,2024/2025,Wide Attacker,83.96,5,2144.48,127.7,356.64,137.84,42.04,179.88,12.959999999999999,2.4,15.36,1.48,3.6799999999999997,46.519999999999996,0.08388047452062972,0.019603820040289488,29.56,23.5143729741457,low,Низкая нагрузка по сравнению с другими игроками датасета.
Takuya Okamoto,T. Okamoto,26981,1992-06-18,Perth Glory Football Club,871,AUS - A-League,2024/2025,Full Back,87.08,3,3236.3333333333335,111.49,445.89000000000004,203.77666666666667,49.88999999999999,253.66666666666666,17.666666666666668,3.11,20.776666666666667,3.11,6.890000000000001,83.66666666666667,0.07838088371613966,0.015415593778967967,28.57,23.243869203465216,low,Низкая нагрузка по сравнению с другими игроками датасета.
Sasha Kuzevski,S. Kuzevski,923863,2001-03-27,Central Coast Mariners Football Club,870,AUS - A-League,2024/2025,Wide Attacker,68.38,3,2764.556666666667,121.29,429.3333333333333,165.77666666666667,51.22333333333333,217.0,15.89,3.11,19.0,2.0,5.0,63.223333333333336,0.07849359812965792,0.01852858867063676,28.0,23.235445245563927,low,Низкая нагрузка по сравнению с другими игроками датасета.
Louis Zabala,L. Zabala,560898,2001-01-25,Brisbane Roar FC,1802,AUS - A-League,2024/2025,Midfield,74.68,3,3282.0,131.85,576.2233333333334,143.55666666666667,21.666666666666668,165.22333333333333,12.11,1.3333333333333333,13.443333333333333,0.7766666666666667,3.5566666666666666,62.44333333333333,0.05034227097298395,0.006601665651025797,26.53,23.192996701850166,low,Низкая нагрузка по сравнению с другими игроками датасета.
Marcus Antonsson,M. Antonsson,13567,1991-05-08,Western Sydney Wanderers FC,2902,AUS - A-League,2024/2025,Center Forward,71.74,3,2805.6666666666665,117.33,312.0,155.66666666666666,63.11000000000001,218.77666666666667,15.0,2.89,17.89,1.5566666666666666,3.6666666666666665,55.10999999999999,0.07797671379351313,0.022493762623262446,30.57,22.900410341678594,low,Низкая нагрузка по сравнению с другими игроками датасета.
Anthony Cáceres,A. Cáceres,51045,1992-09-29,Sydney Football Club,869,AUS - A-League,2024/2025,Wide Attacker,99.92,4,3070.25,122.91,567.3125,182.8125,37.9375,220.75,15.5,2.25,17.75,1.3125,4.9375,61.875,0.0718996824362837,0.012356485628206171,27.32,22.83030484140013,low,Низкая нагрузка по сравнению с другими игроками датасета.
Corey Brown,C. Brown,50994,1994-01-07,Brisbane Roar FC,1802,AUS - A-League,2024/2025,Full Back,93.03,3,3492.0,112.61,542.0,233.22333333333333,54.556666666666665,287.7766666666667,17.666666666666668,3.0,20.666666666666668,2.0,4.11,76.22,0.08241027109583811,0.015623329515082092,28.4,22.769590168844708,low,Низкая нагрузка по сравнению с другими игроками датасета.
Mark Natta,M. Natta,735578,2002-11-28,Newcastle United Jets FC,1805,AUS - A-League,2024/2025,Full Back,99.48,3,3627.2233333333334,109.39,458.4433333333333,169.89000000000001,59.88999999999999,229.77666666666667,17.223333333333333,3.3333333333333335,20.55666666666667,2.5566666666666666,5.0,77.66666666666667,0.06334781334115076,0.01651125240886739,30.0,22.65748240511054,low,Низкая нагрузка по сравнению с другими игроками датасета.
Arion Sulemani,A. Sulemani,963055,2005-03-01,Melbourne City FC,2380,AUS - A-League,2024/2025,Center Forward,69.39,3,2666.0,115.25,384.77666666666664,204.44333333333336,56.333333333333336,260.7766666666667,20.0,4.0,24.0,2.4433333333333334,4.223333333333334,66.88666666666667,0.0978157039259815,0.021130282570642662,27.9,22.51536293182108,low,Низкая нагрузка по сравнению с другими игроками датасета.
Kyle Reilly  Shaw,K. Shaw,998256,2004-09-07,Sydney Football Club,869,AUS - A-League,2024/2025,Central Defender,100.03,2,5182.5,103.62,660.0,267.0,47.75,314.75,21.25,3.75,25.0,2.0,5.25,102.5,0.06073323685479981,0.009213699951760733,27.1,22.31527511282608,low,Низкая нагрузка по сравнению с другими игроками датасета.
Jordan Courtney-Perkins,J. Courtney-Perkins,51000,2002-11-06,Sydney Football Club,869,AUS - A-League,2024/2025,Central Defender,90.59,3,3492.443333333333,115.65,519.4433333333333,179.77666666666667,42.77666666666667,222.55666666666664,15.223333333333334,2.3333333333333335,17.55666666666667,2.3333333333333335,4.223333333333334,74.55666666666666,0.06372520479931433,0.012248349531798656,28.13,22.28574352749572,low,Низкая нагрузка по сравнению с другими игроками датасета.
Kazuki Nagasawa,K. Nagasawa,27003,1991-12-16,Wellington Phoenix FC,867,AUS - A-League,2024/2025,Center Forward,79.27,3,3255.3333333333335,123.2,551.89,164.0,40.11,204.11,14.443333333333333,2.0,16.44333333333333,1.3333333333333333,2.776666666666667,62.33333333333334,0.06270018431292239,0.012321318861355724,27.27,22.221890599440776,low,Низкая нагрузка по сравнению с другими игроками датасета.
Reno Piscopo,R. Piscopo,51714,1998-05-27,Melbourne Victory Football Club,868,AUS - A-League,2024/2025,Midfield,73.19,3,2993.89,122.71,491.10999999999996,174.55666666666664,42.88999999999999,217.44333333333336,15.223333333333334,1.7766666666666666,17.0,1.11,2.89,58.88999999999999,0.0726290322401068,0.014325843634869682,27.7,22.151595699234434,low,Низкая нагрузка по сравнению с другими игроками датасета.
Jesse Randall,J. Randall,624628,2002-08-19,Auckland FC,4177,AUS - A-League,2024/2025,Center Forward,66.12,4,2010.8125,121.64,345.3125,154.75,51.6875,206.4375,15.75,3.0625,18.8125,2.0625,2.75,46.125,0.10266372424082305,0.025704783514126753,28.93,22.079452721086536,low,Низкая нагрузка по сравнению с другими игроками датасета.
Jaylan Pearman,J. Pearman,966111,2006-04-18,Perth Glory Football Club,871,AUS - A-League,2024/2025,Wide Attacker,89.1,3,3587.7766666666666,120.8,516.5566666666667,172.66666666666666,28.223333333333333,200.89,15.89,2.3333333333333335,18.223333333333333,1.4433333333333334,4.776666666666666,65.77333333333334,0.055992894392348835,0.007866524579289123,26.73,22.000044425993256,low,Низкая нагрузка по сравнению с другими игроками датасета.
Anas Ouahim,A. Ouahim,25534,1997-09-23,Sydney Football Club,869,AUS - A-League,2024/2025,Wide Attacker,73.61,3,2992.7766666666666,121.98,478.4433333333333,164.55666666666667,28.89,193.44333333333336,14.666666666666666,2.11,16.776666666666667,1.2233333333333334,5.11,57.78,0.06463674202218007,0.00965324286365059,27.63,21.813172280266105,low,Низкая нагрузка по сравнению с другими игроками датасета.
Arthur De Lima,A. De Lima,923865,,Central Coast Mariners Football Club,870,AUS - A-League,2024/2025,Center Forward,76.69,5,1925.6,125.54,311.2,118.08,39.28,157.35999999999999,12.36,2.3600000000000003,14.719999999999999,1.28,4.16,45.84,0.08171998338180307,0.020398836726215206,29.1,21.7141677655407,low,Низкая нагрузка по сравнению с другими игроками датасета.
William  Freney,W. Freney,966113,2005-11-04,Perth Glory Football Club,871,AUS - A-League,2024/2025,Midfield,77.35,4,2546.0,131.65,517.8125,139.4375,23.75,163.1875,11.5,1.3125,12.8125,0.6875,2.1875,50.125,0.06409564021995287,0.009328358208955223,26.62,21.660324240703126,low,Низкая нагрузка по сравнению с другими игроками датасета.
Saîf-Eddine Khaoui,S. Khaoui,12120,1995-04-27,Macarthur FC,1804,AUS - A-League,2024/2025,Midfield,65.01,2,3663.0,112.69,550.5,227.75,34.75,262.5,17.75,2.0,19.75,1.75,6.0,81.5,0.07166257166257166,0.009486759486759486,26.7,21.416852892430327,low,Низкая нагрузка по сравнению с другими игроками датасета.
Diesel Herrington,D. Herrington,330380,2004-08-04,Central Coast Mariners Football Club,870,AUS - A-League,2024/2025,Central Defender,66.62,2,3765.5,113.04,454.0,156.75,42.5,199.25,15.0,2.75,17.75,2.25,4.0,88.25,0.05291461957243394,0.011286681715575621,28.05,21.386173567789186,low,Низкая нагрузка по сравнению с другими игроками датасета.
Austin Ayoubi,A. Ayoubi,808608,2001-07-27,Adelaide United Football Club,866,AUS - A-League,2024/2025,Wide Attacker,67.7,4,1966.3125,116.19,268.0,138.0625,59.5625,197.625,14.6875,3.0625,17.75,1.875,5.25,48.25,0.10050538762277104,0.030291471981183052,30.1,21.360262181029405,low,Низкая нагрузка по сравнению с другими игроками датасета.
Joshua Rawlins,J. Rawlins,50977,2004-04-23,Melbourne Victory Football Club,868,AUS - A-League,2024/2025,Central Defender,99.14,2,5106.75,103.02,691.0,155.75,50.75,206.5,16.5,3.0,19.5,3.0,5.5,107.75,0.04043667694717776,0.009937827385323346,27.95,21.22100082170852,low,Низкая нагрузка по сравнению с другими игроками датасета.
Joe Lolley,J. Lolley,18573,1992-08-25,Sydney Football Club,869,AUS - A-League,2024/2025,Center Forward,81.61,3,3047.2233333333334,112.02,374.0,160.55666666666667,69.11,229.66666666666666,15.556666666666667,3.4433333333333334,19.0,2.11,3.776666666666667,61.553333333333335,0.07536916121452644,0.0226796635625657,28.73,21.198430353453507,low,Низкая нагрузка по сравнению с другими игроками датасета.
Michael Ruhs,M. Ruhs,795529,2002-08-27,Western United,1803,AUS - A-League,2024/2025,Center Forward,72.92,5,1762.72,120.87,239.71999999999997,117.2,53.720000000000006,170.92000000000002,12.48,2.7199999999999998,15.2,1.28,3.2,35.32000000000001,0.09696378324407734,0.030475628574021967,30.5,20.968395231465085,low,Низкая нагрузка по сравнению с другими игроками датасета.
Kane Vidmar,K. Vidmar,795528,2004-06-04,Western United,1803,AUS - A-League,2024/2025,Central Defender,93.53,3,3490.11,111.94,459.6666666666667,167.77666666666667,55.443333333333335,223.22333333333333,14.556666666666667,3.11,17.666666666666668,1.5566666666666666,5.0,80.77666666666666,0.06395882460247193,0.015885841229455043,28.03,20.930285579503206,low,Низкая нагрузка по сравнению с другими игроками датасета.
Chris Ikonomidis,C. Ikonomidis,50980,1995-05-04,Macarthur FC,1804,AUS - A-League,2024/2025,Wide Attacker,69.91,3,2674.3333333333335,114.77,355.89000000000004,173.44333333333336,49.666666666666664,223.11,16.11,3.0,19.11,1.5566666666666666,5.0,59.00333333333333,0.08342639910258008,0.018571606630936058,28.4,20.85527796826642,low,Низкая нагрузка по сравнению с другими игроками датасета.
Lukas Kelly-Heald,L. Kelly-Heald,698141,2005-03-18,Wellington Phoenix FC,867,AUS - A-League,2024/2025,Midfield,85.99,4,2722.8125,126.66,504.0625,147.3125,25.25,172.5625,11.8125,1.625,13.4375,0.9375,2.9375,53.6875,0.06337656375530816,0.009273499368759324,26.57,20.837527148937344,low,Низкая нагрузка по сравнению с другими игроками датасета.
Diesel Herrington,D. Herrington,330380,2004-08-04,Central Coast Mariners Football Club,870,AUS - A-League,2024/2025,Full Back,64.3,2,3465.0,107.78,397.5,150.5,38.75,189.25,13.5,2.25,15.75,3.0,6.5,84.25,0.05461760461760462,0.011183261183261184,29.35,20.81237511728585,low,Низкая нагрузка по сравнению с другими игроками датасета.
Scott Neville,S. Neville,50997,1989-01-11,Brisbane Roar FC,1802,AUS - A-League,2024/2025,Central Defender,83.19,2,4459.5,107.21,471.0,133.75,51.75,185.5,13.25,2.5,15.75,2.0,4.0,85.75,0.04159659154613746,0.01160443995963673,29.7,20.794937477451086,low,Низкая нагрузка по сравнению с другими игроками датасета.
Trent Ostler,T. Ostler,560987,2002-04-03,Perth Glory Football Club,871,AUS - A-League,2024/2025,Full Back,94.57,4,2736.3125,115.74,411.375,160.875,39.6875,200.5625,15.5,2.8125,18.3125,1.8125,4.625,69.0,0.0732966355268267,0.01450400858820036,27.88,20.539129310429207,low,Низкая нагрузка по сравнению с другими игроками датасета.
Jake Hollman,J. Hollman,51648,2001-08-26,Macarthur FC,1804,AUS - A-League,2024/2025,Center Forward,92.97,4,2783.8125,119.78,413.375,153.75,31.1875,184.9375,13.375,1.75,15.125,1.1875,3.3125,56.0625,0.06643317392963786,0.011203161132439774,28.38,20.526092969403532,low,Низкая нагрузка по сравнению с другими игроками датасета.
Joshua Inserra,J. Inserra,800322,2005-01-21,Melbourne Victory Football Club,868,AUS - A-League,2024/2025,Full Back,89.69,5,2080.44,115.98,306.76,135.95999999999998,58.160000000000004,194.12,13.76,3.16,16.919999999999998,1.28,4.64,49.44,0.09330718501855376,0.027955624771682914,29.68,20.39619393110374,low,Низкая нагрузка по сравнению с другими игроками датасета.
Walid Shour,Walid Shour,287934,1996-06-10,Brisbane Roar FC,1802,AUS - A-League,2024/2025,Midfield,82.23,5,2142.68,130.29,419.68,106.44000000000001,22.56,129.0,9.52,1.3599999999999999,10.879999999999999,0.72,2.6,47.839999999999996,0.06020497694476077,0.010528870386618627,27.16,20.393237072162815,low,Низкая нагрузка по сравнению с другими игроками датасета.
Stefan Mauk,S. Mauk,50959,1995-10-12,Adelaide United Football Club,866,AUS - A-League,2024/2025,Center Forward,90.25,4,2716.0,120.37,416.75,176.3125,30.625,206.9375,14.375,1.875,16.25,1.25,2.6875,61.0625,0.07619201030927836,0.011275773195876288,27.25,20.36167926717765,low,Низкая нагрузка по сравнению с другими игроками датасета.
Walid Shour,Walid Shour,287934,1996-06-10,Brisbane Roar FC,1802,AUS - A-League,2024/2025,Central Defender,97.82,4,2866.25,117.21,411.5625,145.6875,33.375,179.0625,12.875,2.3125,15.1875,1.875,3.625,60.5,0.06247274313126908,0.011644134321849107,28.25,20.30607088908792,low,Низкая нагрузка по сравнению с другими игроками датасета.
Adrian Segecic,A. Segecic,133854,2004-06-01,Sydney Football Club,869,AUS - A-League,2024/2025,Wide Attacker,82.87,6,1711.445,123.91,287.945,110.16666666666667,38.805,148.97166666666666,11.445,2.2783333333333333,13.721666666666666,1.1383333333333334,3.8049999999999997,37.44333333333333,0.08704437867805666,0.022673822413223913,28.9,20.2186033920615,low,Низкая нагрузка по сравнению с другими игроками датасета.
Adrian Segecic,A. Segecic,133854,2004-06-01,Sydney Football Club,869,AUS - A-League,2024/2025,Midfield,90.73,5,2196.12,121.03,351.36,130.95999999999998,34.72,165.68,11.92,1.92,13.84,1.3199999999999998,3.28,44.92,0.07544214341657104,0.015809700744950184,29.02,20.215357604251267,low,Низкая нагрузка по сравнению с другими игроками датасета.
Tomoki Imai,T. Imai,51008,1990-11-29,Western United,1803,AUS - A-League,2024/2025,Full Back,94.27,4,2611.8125,110.82,342.0,148.6875,55.0625,203.75,15.5625,3.1875,18.75,1.8125,4.125,58.125,0.07801095982196271,0.021082102945751274,29.68,19.959697028751215,low,Низкая нагрузка по сравнению с другими игроками датасета.
Yaya Dukuly,Y. Dukuly,50971,2003-01-17,Adelaide United Football Club,866,AUS - A-League,2024/2025,Wide Attacker,81.18,4,2189.6875,107.89,295.6875,137.4375,63.1875,200.625,14.5,3.125,17.625,2.4375,5.8125,57.0,0.09162266305123448,0.028856857428286,30.52,19.906550001527272,low,Низкая нагрузка по сравнению с другими игроками датасета.
Riley Warland,R. Warland,50982,2002-07-04,Perth Glory Football Club,871,AUS - A-League,2024/2025,Full Back,86.67,4,2441.1875,112.66,327.4375,143.4375,59.125,202.5625,14.1875,3.3125,17.5,1.4375,3.6875,51.75,0.08297703474231291,0.02421977009140019,29.68,19.822598835592895,low,Низкая нагрузка по сравнению с другими игроками датасета.
Charles M'Mombwa,C. M'Mombwa,51656,1998-03-14,Newcastle United Jets FC,1805,AUS - A-League,2024/2025,Midfield,68.63,4,2161.5625,125.98,363.0625,84.625,36.625,121.25,8.3125,1.6875,10.0,1.0,1.875,40.1875,0.05609368223218158,0.01694376174642186,28.52,19.78869800797128,low,Низкая нагрузка по сравнению с другими игроками датасета.
Nikola Mileusnić,N. Mileusnić,23926,1993-07-17,Perth Glory Football Club,871,AUS - A-League,2024/2025,Wide Attacker,73.6,7,1281.4085714285716,121.87,202.4085714285714,96.0,38.49,134.48999999999998,9.49,1.9385714285714286,11.428571428571429,1.2857142857142858,3.142857142857143,30.98,0.10495481534828859,0.03003725810659252,30.91,19.667645015743172,low,Низкая нагрузка по сравнению с другими игроками датасета.
Jake Brimmer,J. Brimmer,50951,1998-04-03,Auckland FC,4177,AUS - A-League,2024/2025,Center Forward,80.82,4,2416.9375,119.62,396.5,153.0625,31.375,184.4375,13.0,1.5625,14.5625,1.375,2.75,51.5625,0.07631041348814357,0.01298130381939955,27.65,19.46149029812745,low,Низкая нагрузка по сравнению с другими игроками датасета.
Lachlan Wales,L. Wales,51007,1997-10-19,Perth Glory Football Club,871,AUS - A-League,2024/2025,Wide Attacker,88.85,5,2088.48,117.52,328.32,133.12,37.72,170.84,12.919999999999998,2.48,15.4,1.8800000000000001,4.4,48.44,0.08180111851681607,0.018060982149697386,28.12,19.410569398217632,low,Низкая нагрузка по сравнению с другими игроками датасета.
Adam Bugarija,A. Bugarija,966112,2005-02-22,Perth Glory Football Club,871,AUS - A-League,2024/2025,Center Forward,75.13,4,2477.75,131.91,437.8125,101.25,6.25,107.5,8.4375,0.5,8.9375,1.0625,2.4375,47.4375,0.043386136615881345,0.0025224498032489153,24.88,19.2664621968015,low,Низкая нагрузка по сравнению с другими игроками датасета.
Isaías Sánchez Cortés,Isaias,560895,1987-02-09,Adelaide United Football Club,866,AUS - A-League,2024/2025,Midfield,97.63,4,2873.5,117.73,503.3125,151.5,28.4375,179.9375,12.5625,1.375,13.9375,1.0625,4.3125,60.625,0.0626196276318079,0.00989646772228989,27.12,19.13394467423999,low,Низкая нагрузка по сравнению с другими игроками датасета.
Adam Zimarino,A. Zimarino,797298,2001-08-28,Brisbane Roar FC,1802,AUS - A-League,2024/2025,Center Forward,66.27,3,2724.443333333333,123.34,429.22333333333336,130.89000000000001,14.223333333333334,145.10999999999999,11.89,1.11,13.0,1.3333333333333333,3.223333333333333,54.33333333333332,0.05326225663224169,0.005220638344469146,25.8,18.918058171069653,low,Низкая нагрузка по сравнению с другими игроками датасета.
Henry Hore,H. Hore,560901,1999-08-17,Brisbane Roar FC,1802,AUS - A-League,2024/2025,Wide Attacker,83.9,5,2122.3599999999997,126.48,361.48,123.24000000000001,18.880000000000003,142.12,10.36,1.3199999999999998,11.68,0.72,2.56,43.2,0.06696319191843043,0.008895757552912796,26.58,18.862797232345287,low,Низкая нагрузка по сравнению с другими игроками датасета.
James Jeggo,J. Jeggo,26105,1992-02-12,Melbourne City FC,2380,AUS - A-League,2024/2025,Midfield,80.43,3,3341.7766666666666,124.64,698.5566666666667,123.33333333333333,11.0,134.33333333333334,10.333333333333334,0.6666666666666666,11.0,0.7766666666666667,2.223333333333333,59.776666666666664,0.040198178015087786,0.0032916622195977587,25.33,18.74706962068504,low,Низкая нагрузка по сравнению с другими игроками датасета.
Jordan Elsey,J. Elsey,50963,1994-03-02,Adelaide United Football Club,866,AUS - A-League,2024/2025,Central Defender,100.4,2,4981.25,99.23,540.5,173.75,57.25,231.0,15.5,2.0,17.5,2.0,3.5,99.25,0.046373902132998746,0.0114930991217064,27.85,18.658088186238274,low,Низкая нагрузка по сравнению с другими игроками датасета.
Alessandro Lopane,A. Lopane,771855,2004-04-09,Melbourne City FC,2380,AUS - A-League,2024/2025,Midfield,84.47,7,1581.8157142857142,131.09,293.7557142857143,94.04142857142857,15.0,109.04142857142857,8.061428571428571,0.9800000000000001,9.041428571428572,0.5514285714285714,1.6942857142857142,31.98,0.06893434398625088,0.009482773413193339,26.91,18.595992969097725,low,Низкая нагрузка по сравнению с другими игроками датасета.
Hiroki Sakai,H. Sakai,4322,1990-04-12,Auckland FC,4177,AUS - A-League,2024/2025,Central Defender,99.07,3,3341.6666666666665,101.19,391.4433333333333,137.55666666666667,59.11000000000001,196.66666666666666,15.666666666666666,3.776666666666667,19.44333333333333,1.7766666666666666,3.5566666666666666,70.88666666666667,0.05885286783042394,0.017688778054862846,30.27,17.979166346206377,low,Низкая нагрузка по сравнению с другими игроками датасета.
Brandon O'Neill,B. O'Neill,23892,1994-04-12,Perth Glory Football Club,871,AUS - A-League,2024/2025,Midfield,77.44,5,2009.44,129.74,390.76,101.36,9.6,110.96,7.68,0.52,8.2,0.76,1.9600000000000002,40.32000000000001,0.055219364599092276,0.004777450433951748,25.5,17.96268832665965,low,Низкая нагрузка по сравнению с другими игроками датасета.
Kai Trewin,K. Trewin,50992,2001-05-18,Melbourne City FC,2380,AUS - A-League,2024/2025,Midfield,100.29,7,1804.4085714285716,125.95,349.1842857142857,99.42857142857143,21.204285714285714,120.63285714285713,8.367142857142857,1.2442857142857144,9.612857142857143,0.5714285714285714,1.7142857142857142,36.75571428571429,0.06685451346939163,0.011751377182551306,27.51,17.957351457851537,low,Низкая нагрузка по сравнению с другими игроками датасета.
Liam  Gillion,L. Gillion,965685,2002-10-17,Auckland FC,4177,AUS - A-League,2024/2025,Wide Attacker,86.76,11,993.1072727272727,125.91,162.46272727272728,69.22272727272728,25.10727272727273,94.3309090909091,6.71090909090909,1.3227272727272728,8.032727272727273,0.6863636363636364,1.6445454545454545,20.240000000000002,0.09498561905790641,0.02528153142844589,29.92,17.814788146579495,low,Низкая нагрузка по сравнению с другими игроками датасета.
Juan Manuel Mata García,Juan Mata,5521,1988-04-28,Western Sydney Wanderers FC,2902,AUS - A-League,2024/2025,Midfield,68.36,3,2806.2233333333334,123.16,503.77666666666664,100.33333333333333,15.11,115.44333333333333,8.776666666666666,1.0,9.776666666666666,0.7766666666666667,3.4433333333333334,56.77333333333334,0.0411383270754169,0.005384460965924546,25.73,17.793407660868457,low,Низкая нагрузка по сравнению с другими игроками датасета.
Ariath Piol,A. Piol,810561,2004-10-11,Macarthur FC,1804,AUS - A-League,2024/2025,Center Forward,68.32,5,1582.96,115.85,195.6,95.03999999999999,43.4,138.44,10.08,2.32,12.4,1.1199999999999999,3.4,34.279999999999994,0.08745641077475111,0.02741699095365644,30.2,17.78675529572946,low,Низкая нагрузка по сравнению с другими игроками датасета.
Matthew Sheridan,M. Sheridan,799092,2004-05-09,Wellington Phoenix FC,867,AUS - A-League,2024/2025,Midfield,88.1,9,1282.3333333333333,131.0,251.14777777777778,82.40777777777777,13.852222222222222,96.25888888888889,6.654444444444445,0.8522222222222222,7.506666666666667,0.43222222222222223,1.42,27.26,0.07506541894116628,0.01080235681483407,26.94,17.621091010320235,low,Низкая нагрузка по сравнению с другими игроками датасета.
Dean Pelekanos,D. Pelekanos,957034,2001-01-05,Western Sydney Wanderers FC,2902,AUS - A-League,2024/2025,Central Defender,101.01,2,5051.25,100.02,491.5,164.25,35.0,199.25,15.5,2.5,18.0,1.5,4.25,100.25,0.03944568176194011,0.006928977975748577,27.35,17.602914884508905,low,Низкая нагрузка по сравнению с другими игроками датасета.
Harry Politidis,H. Politidis,771857,2002-06-28,Melbourne City FC,2380,AUS - A-League,2024/2025,Wide Attacker,79.65,11,899.9672727272726,124.28,147.49545454545455,72.32272727272726,26.84272727272727,99.16545454545454,7.107272727272728,1.5454545454545454,8.652727272727274,0.8427272727272727,2.0663636363636364,21.214545454545455,0.11018784521457346,0.029826337119329593,29.79,17.49212142149119,low,Низкая нагрузка по сравнению с другими игроками датасета.
Vitor Correia da Silva,Vitor Feijão,170488,1996-08-01,Central Coast Mariners Football Club,870,AUS - A-League,2024/2025,Wide Attacker,73.77,5,1683.08,114.08,241.51999999999998,99.44,37.36,136.8,10.48,2.16,12.64,1.72,3.04,43.559999999999995,0.08127955890391425,0.022197400004753193,29.74,17.409268735491047,low,Низкая нагрузка по сравнению с другими игроками датасета.
Nathaniel Atkinson,N. Atkinson,104563,1999-06-13,Melbourne City FC,2380,AUS - A-League,2024/2025,Midfield,90.39,8,1456.6875,128.92,242.09375,83.3125,15.4375,98.75,6.735,1.0,7.735,0.4375,1.6725,26.985,0.06779079246578282,0.010597674518385034,26.99,17.313473136546378,low,Низкая нагрузка по сравнению с другими игроками датасета.
Wataru Kamijo,W. Kamijo,795544,2006-04-17,Sydney Football Club,869,AUS - A-League,2024/2025,Midfield,81.31,4,2448.25,120.44,401.9375,128.875,17.0625,145.9375,10.5,1.125,11.625,0.8125,2.875,47.125,0.05960890431941183,0.006969263759828449,26.27,17.24799254030967,low,Низкая нагрузка по сравнению с другими игроками датасета.
Eli Adams,E. Adams,795505,2002-03-12,Newcastle United Jets FC,1805,AUS - A-League,2024/2025,Wide Attacker,89.39,9,1230.9011111111113,123.92,193.2588888888889,86.43222222222222,23.72888888888889,110.16000000000001,7.703333333333333,1.4444444444444444,9.147777777777778,0.7155555555555556,1.951111111111111,25.987777777777776,0.08949541031818604,0.019277656567771938,28.52,17.07573488755615,low,Низкая нагрузка по сравнению с другими игроками датасета.
Zachary de Jesus,Z. de Jesus,795547,2006-02-04,Sydney Football Club,869,AUS - A-League,2024/2025,Full Back,81.75,7,1384.1842857142858,118.53,199.08142857142857,90.42857142857143,32.714285714285715,123.14285714285714,8.40857142857143,1.672857142857143,10.081428571428571,0.8771428571428571,2.9385714285714286,29.69285714285714,0.08896420687171092,0.023634342660814156,29.64,17.051429083681146,low,Низкая нагрузка по сравнению с другими игроками датасета.
Marlee Francois,M. Francois,582974,2002-12-29,Auckland FC,4177,AUS - A-League,2024/2025,Wide Attacker,64.63,6,1292.0,119.95,200.52833333333334,101.16666666666667,30.805000000000003,131.97166666666666,9.305,1.6116666666666666,10.916666666666666,1.1116666666666666,2.7216666666666662,29.916666666666668,0.1021452528379773,0.023842879256965946,28.53,17.04569375544208,low,Низкая нагрузка по сравнению с другими игроками датасета.
Andreas  Kuen,A. Kuen,26095,1995-03-24,Melbourne City FC,2380,AUS - A-League,2024/2025,Midfield,81.7,8,1310.0625,128.28,231.1875,80.9525,16.6725,97.625,7.265,1.14,8.40625,0.5625,1.235,26.43875,0.0745193454510758,0.012726492056676685,27.09,17.033144039161996,low,Низкая нагрузка по сравнению с другими игроками датасета.
Walter Scott,W. Scott,51717,1999-10-02,Macarthur FC,1804,AUS - A-League,2024/2025,Full Back,88.74,7,1438.9385714285713,113.5,219.6942857142857,99.06142857142856,42.69428571428572,141.75571428571428,9.162857142857144,2.0814285714285714,11.244285714285713,1.0,3.327142857142857,33.612857142857145,0.09851408329750996,0.02967067987613886,30.43,16.78000909807622,low,Низкая нагрузка по сравнению с другими игроками датасета.
Ryan Edmondson,R. Edmondson,18851,2001-05-20,Central Coast Mariners Football Club,870,AUS - A-League,2024/2025,Center Forward,73.07,5,1665.2,113.95,195.52,88.2,38.68,126.88,9.48,1.8,11.28,1.1199999999999999,2.84,37.67999999999999,0.07619505164544799,0.023228441028104733,29.88,16.559874925594663,low,Низкая нагрузка по сравнению с другими игроками датасета.
Alex Grant,A. Grant,51708,1994-01-23,Sydney Football Club,869,AUS - A-League,2024/2025,Central Defender,98.92,3,3561.89,108.02,499.0,151.77666666666667,32.89,184.66666666666666,11.89,1.4433333333333334,13.333333333333334,1.3333333333333333,2.776666666666667,69.22,0.05184513465229602,0.00923386179809034,26.7,16.452818673358703,low,Низкая нагрузка по сравнению с другими игроками датасета.
Jacob  Brazete,J. Brazete,965698,2006-01-20,Brisbane Roar FC,1802,AUS - A-League,2024/2025,Wide Attacker,71.47,4,2041.625,114.26,276.5625,107.125,28.8125,135.9375,10.9375,1.75,12.6875,1.1875,3.0625,44.0625,0.06658299148962224,0.014112532908834874,28.32,16.426045034972432,low,Низкая нагрузка по сравнению с другими игроками датасета.
Kota Mizunuma,K. Mizunuma,152111,1990-02-22,Newcastle United Jets FC,1805,AUS - A-League,2024/2025,Wide Attacker,87.96,6,1705.5,116.34,300.9166666666667,116.41666666666667,23.778333333333332,140.195,10.055,1.555,11.611666666666666,1.4166666666666667,3.3333333333333335,38.89,0.0822017003811199,0.01394214795270204,27.68,16.37495302154477,low,Низкая нагрузка по сравнению с другими игроками датасета.
Mathew Leckie,M. Leckie,7252,1991-02-04,Melbourne City FC,2380,AUS - A-League,2024/2025,Midfield,89.51,6,1745.6116666666667,117.01,261.3333333333333,84.41666666666667,28.916666666666668,113.33333333333333,8.666666666666666,1.5833333333333333,10.25,0.8616666666666667,2.8333333333333335,38.61166666666667,0.06492471120438204,0.016565349108765122,28.83,16.330009343012108,low,Низкая нагрузка по сравнению с другими игроками датасета.
Patrick Wood,P. Wood,51053,2002-09-16,Perth Glory Football Club,871,AUS - A-League,2024/2025,Center Forward,74.17,5,1713.4,115.5,235.16,88.24,30.0,118.24000000000001,9.6,1.8800000000000001,11.48,1.24,3.2399999999999998,37.279999999999994,0.06900898797712152,0.017509046340609315,28.64,16.260755763966102,low,Низкая нагрузка по сравнению с другими игроками датасета.
Dane James Ingham,Dane Ingham,50983,1999-06-08,Newcastle United Jets FC,1805,AUS - A-League,2024/2025,Full Back,92.83,6,1757.1666666666667,113.57,233.13833333333332,89.83333333333333,32.0,121.83333333333333,8.221666666666666,1.7216666666666667,9.945,1.195,2.7216666666666662,34.805,0.06933510386038129,0.018211135350469507,29.98,16.24623264084961,low,Низкая нагрузка по сравнению с другими игроками датасета.
James Donachie,J. Donachie,23883,1993-05-14,Western United,1803,AUS - A-League,2024/2025,Central Defender,93.03,5,2139.84,115.0,277.8,89.32000000000001,28.6,117.92,9.36,1.8,11.16,0.8,1.72,41.08,0.05510692388215941,0.013365485269926723,29.2,16.20191577386405,low,Низкая нагрузка по сравнению с другими игроками датасета.
Benjamin Gibson,B. Gibson,966120,2003-01-03,Newcastle United Jets FC,1805,AUS - A-League,2024/2025,Center Forward,78.68,8,1171.2025,119.08,175.9375,84.9375,28.735,113.6725,8.2975,1.65625,9.9525,0.875,2.1875,29.0,0.09705623066890652,0.024534612929873353,29.09,16.19164670963238,low,Низкая нагрузка по сравнению с другими игроками датасета.
Lachlan Rose,L. Rose,51651,1999-05-10,Newcastle United Jets FC,1805,AUS - A-League,2024/2025,Center Forward,84.4,11,910.6036363636363,118.67,135.24,68.68636363636364,30.016363636363636,98.70272727272727,7.123636363636364,1.7027272727272729,8.826363636363636,0.8345454545454545,2.1654545454545455,20.818181818181817,0.10839263465593253,0.0329631493195323,30.41,16.08398583941713,low,Низкая нагрузка по сравнению с другими игроками датасета.
Jonny  Yull,J. Yull,51646,2005-03-05,Adelaide United Football Club,866,AUS - A-League,2024/2025,Wide Attacker,88.08,6,1693.7216666666666,115.38,260.8616666666667,111.22166666666668,32.5,143.72166666666666,9.971666666666666,1.9166666666666667,11.888333333333334,1.055,2.6666666666666665,37.028333333333336,0.08485554001887363,0.019188512870572005,28.05,16.042682591359288,low,Низкая нагрузка по сравнению с другими игроками датасета.
Luke Amos,L. Amos,12185,1997-02-23,Perth Glory Football Club,871,AUS - A-League,2024/2025,Midfield,70.28,7,1273.6328571428571,126.86,250.3057142857143,81.91857142857143,12.734285714285715,94.65285714285714,6.448571428571428,0.8771428571428571,7.327142857142857,0.42857142857142855,1.8571428571428572,26.837142857142858,0.07431722306159097,0.009998396039226375,26.57,16.02184546465088,low,Низкая нагрузка по сравнению с другими игроками датасета.
Matthew Grimaldi,M. Grimaldi,795527,2003-11-28,Western United,1803,AUS - A-League,2024/2025,Wide Attacker,76.61,16,624.855625,130.5,106.09,43.386875,10.53125,53.918125,3.8475,0.5975,4.445,0.30875,0.89875,11.976875,0.08628893274346375,0.0168538932493406,28.2,15.955670390261288,low,Низкая нагрузка по сравнению с другими игроками датасета.
Chris Ikonomidis,C. Ikonomidis,50980,1995-05-04,Macarthur FC,1804,AUS - A-League,2024/2025,Center Forward,76.64,5,1826.48,119.16,283.0,112.12,16.52,128.64000000000001,8.959999999999999,1.16,10.120000000000001,1.4,2.3600000000000003,37.2,0.07043055494722089,0.009044719898383777,26.38,15.891665635310947,low,Низкая нагрузка по сравнению с другими игроками датасета.
Florin Bérenguer,F. Bérenguer,560882,1989-04-01,Brisbane Roar FC,1802,AUS - A-League,2024/2025,Midfield,68.77,5,1692.7599999999998,123.08,228.16,66.28,19.56,85.84,6.720000000000001,1.08,7.8,0.48,1.28,31.040000000000003,0.05071008294146837,0.011555093456839718,27.56,15.84167626379384,low,Низкая нагрузка по сравнению с другими игроками датасета.
Corban Piper,C. Piper,957734,2002-09-10,Wellington Phoenix FC,867,AUS - A-League,2024/2025,Full Back,90.18,6,1664.4716666666666,110.74,210.47166666666666,102.16666666666667,40.861666666666665,143.02833333333334,10.111666666666666,2.361666666666667,12.471666666666666,1.305,3.7783333333333338,38.416666666666664,0.08593017003393469,0.02454933146954539,29.08,15.795572210433853,low,Низкая нагрузка по сравнению с другими игроками датасета.
Neyder Stiven Moreno Betancur,N. Moreno,43829,1997-02-09,Auckland FC,4177,AUS - A-League,2024/2025,Wide Attacker,72.26,7,1215.1228571428571,117.71,198.32714285714286,92.87714285714286,27.65285714285714,120.53,8.305714285714286,1.672857142857143,9.98,0.9800000000000001,2.142857142857143,28.101428571428567,0.0991916161328778,0.022757252059168617,28.8,15.751080231862645,low,Низкая нагрузка по сравнению с другими игроками датасета.
Alex Gersbach,A. Gersbach,13244,1997-05-08,Western Sydney Wanderers FC,2902,AUS - A-League,2024/2025,Full Back,93.18,6,1779.3616666666667,114.57,251.47166666666666,107.195,28.138333333333335,135.33333333333334,9.666666666666666,1.8333333333333333,11.5,1.1383333333333334,2.75,38.0,0.07605723775473788,0.015813723460754187,28.1,15.741089165787404,low,Низкая нагрузка по сравнению с другими игроками датасета.
Jed Drew,J. Drew,560891,2003-08-29,Macarthur FC,1804,AUS - A-League,2024/2025,Wide Attacker,73.83,10,870.4799999999999,117.91,117.60999999999999,58.739999999999995,32.5,91.24,6.36,1.52,7.88,0.76,1.54,19.43,0.10481573384799192,0.03733572281959379,30.94,15.707386105798967,low,Низкая нагрузка по сравнению с другими игроками датасета.
Eli Adams,E. Adams,795505,2002-03-12,Newcastle United Jets FC,1805,AUS - A-League,2024/2025,Center Forward,88.77,10,1079.1399999999999,121.56,153.95,64.08,21.630000000000003,85.71000000000001,6.1899999999999995,1.29,7.4799999999999995,0.5599999999999999,1.3699999999999999,21.229999999999997,0.07942435643197361,0.020043738532535167,29.3,15.64441813774021,low,Низкая нагрузка по сравнению с другими игроками датасета.
Kavian Rahmani,K. Rahmani,963054,2006-12-29,Melbourne City FC,2380,AUS - A-League,2024/2025,Wide Attacker,76.41,5,1818.2400000000002,118.97,294.64,91.72,12.72,104.44000000000001,8.8,1.04,9.84,1.04,2.92,38.44,0.057440161914818724,0.006995776135163674,27.08,15.638551840449127,low,Низкая нагрузка по сравнению с другими игроками датасета.
Douglas  Costa de Souza,Douglas Costa,2858,1990-09-14,Sydney Football Club,869,AUS - A-League,2024/2025,Wide Attacker,94.89,4,2587.3125,109.07,398.4375,137.9375,23.9375,161.875,11.5,1.5,13.0,1.75,3.6875,47.375,0.06256492016329686,0.00925187815542189,27.12,15.574949748910669,low,Низкая нагрузка по сравнению с другими игроками датасета.
Kosta Grozos,K. Grozos,735574,2000-08-10,Newcastle United Jets FC,1805,AUS - A-League,2024/2025,Midfield,99.08,6,1961.5,118.78,301.555,83.77833333333334,19.778333333333332,103.555,6.778333333333333,0.75,7.528333333333333,0.4716666666666667,1.2216666666666667,33.443333333333335,0.05279378027020138,0.010083269606593594,28.32,15.46757559991311,low,Низкая нагрузка по сравнению с другими игроками датасета.
Phillip Cancar,P. Cancar,176224,2001-05-11,Newcastle United Jets FC,1805,AUS - A-League,2024/2025,Full Back,97.02,5,2108.8,108.68,241.48000000000002,92.84,38.88,131.72,9.28,1.8800000000000001,11.16,1.1199999999999999,2.88,47.4,0.06246206373292868,0.018437025796661607,29.74,15.44354867318321,low,Низкая нагрузка по сравнению с другими игроками датасета.
Hideki Ishige,H. Ishige,26969,1994-09-21,Wellington Phoenix FC,867,AUS - A-League,2024/2025,Center Forward,82.64,8,1254.46875,121.44,194.15625,82.3275,19.64,101.96875,6.9225,1.2025,8.125,0.765,1.5625,26.125,0.08128440824054006,0.015656029693844508,27.71,15.388931137359593,low,Низкая нагрузка по сравнению с другими игроками датасета.
Corban Piper,C. Piper,957734,2002-09-10,Wellington Phoenix FC,867,AUS - A-League,2024/2025,Central Defender,97.24,4,2560.4375,105.32,280.0,110.9375,40.6875,151.625,10.75,2.1875,12.9375,1.25,3.625,54.0,0.059218395293773034,0.015890838967949815,29.1,15.363613757061268,low,Низкая нагрузка по сравнению с другими игроками датасета.
Kaelan Majekodunmi,K. Majekodunmi,799157,2004-02-21,Perth Glory Football Club,871,AUS - A-League,2024/2025,Central Defender,96.37,3,3428.6666666666665,106.74,367.77666666666664,121.22333333333334,23.55666666666667,144.77666666666667,10.89,1.6666666666666667,12.556666666666667,1.11,2.89,61.22333333333333,0.04222535485125413,0.006870503597122302,27.77,15.353885860852948,low,Низкая нагрузка по сравнению с другими игроками датасета.
Zane William Schreiber,Z. Schreiber,771861,2005-05-31,Melbourne City FC,2380,AUS - A-League,2024/2025,Midfield,74.95,10,1002.5600000000001,133.75,191.92000000000002,39.45,3.95,43.4,3.1100000000000003,0.27999999999999997,3.3899999999999997,0.25,0.82,18.7,0.04328917969996808,0.003939913820619215,25.28,15.301910191245963,low,Низкая нагрузка по сравнению с другими игроками датасета.
Isaías Sánchez Cortés,Isaias,560895,1987-02-09,Adelaide United Football Club,866,AUS - A-League,2024/2025,Central Defender,94.91,4,2651.8125,111.76,339.6875,102.1875,27.625,129.8125,9.125,2.0,11.125,0.875,3.0625,55.8125,0.048952367484503524,0.010417403191213558,27.23,15.278340975188927,low,Низкая нагрузка по сравнению с другими игроками датасета.
Jaylan Pearman,J. Pearman,966111,2006-04-18,Perth Glory Football Club,871,AUS - A-League,2024/2025,Center Forward,85.31,8,1351.485,126.74,223.65625,57.78125,9.0625,66.84375,5.0475,0.53125,5.5775,0.4375,1.15625,22.20375,0.0494594834570861,0.006705586817463753,26.7,15.212461914388333,low,Низкая нагрузка по сравнению с другими игроками датасета.
Clarismario Santos Rodrigues,Clarismario Rodrigues,745320,2001-07-27,Melbourne Victory Football Club,868,AUS - A-League,2024/2025,Wide Attacker,87.33,9,1074.2466666666667,110.71,147.0622222222222,70.83999999999999,39.654444444444444,110.49333333333334,7.271111111111111,1.8022222222222222,9.074444444444445,1.0,2.2588888888888885,23.357777777777773,0.10285657546063288,0.03691372351891041,31.8,15.056805413977157,low,Низкая нагрузка по сравнению с другими игроками датасета.
Steven Ugarković,S. Ugarković,51681,1994-08-19,Melbourne City FC,2380,AUS - A-League,2024/2025,Midfield,94.5,18,688.21,131.09,126.53722222222223,39.885555555555555,6.0,45.885555555555555,3.1944444444444446,0.41055555555555556,3.605,0.21888888888888888,0.7283333333333333,12.218333333333334,0.06667377044151575,0.008718269132968134,26.77,14.924424520415242,low,Низкая нагрузка по сравнению с другими игроками датасета.
Corey Hollman,C. Hollman,133852,2003-09-25,Sydney Football Club,869,AUS - A-League,2024/2025,Midfield,95.95,9,1341.308888888889,125.81,244.04888888888888,55.60444444444445,8.567777777777778,64.17333333333333,4.493333333333333,0.5188888888888888,5.012222222222222,0.4077777777777778,1.16,27.716666666666665,0.047843814251088065,0.006387624691636196,26.6,14.778454558562483,low,Низкая нагрузка по сравнению с другими игроками датасета.
Medin Memeti,M. Memeti,795151,2007-06-20,Melbourne City FC,2380,AUS - A-League,2024/2025,Center Forward,85.7,7,1418.3671428571429,115.86,189.3057142857143,85.95857142857143,21.93857142857143,107.89857142857143,8.551428571428572,1.3871428571428572,9.938571428571427,1.0614285714285714,1.9385714285714286,29.184285714285718,0.07607238504638633,0.01546748423992579,28.26,14.729483533411548,low,Низкая нагрузка по сравнению с другими игроками датасета.
Luka Jovanovic,L. Jovanovic,797295,2005-05-20,Adelaide United Football Club,866,AUS - A-League,2024/2025,Center Forward,69.65,7,1181.5714285714287,118.74,183.44857142857146,77.40857142857143,18.694285714285716,96.10142857142857,6.877142857142857,1.1842857142857142,8.061428571428571,0.7957142857142857,2.0,23.142857142857142,0.08133357514206263,0.015821545157780198,28.26,14.70709283874402,low,Низкая нагрузка по сравнению с другими игроками датасета.
Frans Deli,F. Deli,970049,2005-07-08,Macarthur FC,1804,AUS - A-League,2024/2025,Midfield,78.44,4,2342.375,119.45,404.9375,92.5,8.5625,101.0625,7.8125,0.6875,8.5,0.625,2.0625,48.5,0.043145311916324244,0.003655477880356476,25.18,14.571282382561186,low,Низкая нагрузка по сравнению с другими игроками датасета.
Douglas  Costa de Souza,Douglas Costa,2858,1990-09-14,Sydney Football Club,869,AUS - A-League,2024/2025,Center Forward,94.25,4,2630.3125,111.64,356.375,101.6875,17.8125,119.5,9.0,1.0625,10.0625,1.625,2.625,45.625,0.04543186408459071,0.006772009029345372,26.38,14.533584362826236,low,Низкая нагрузка по сравнению с другими игроками датасета.
Samuel Klein,S. Klein,965695,2004-03-15,Brisbane Roar FC,1802,AUS - A-League,2024/2025,Midfield,96.58,15,830.4313333333333,128.98,135.23999999999998,41.28866666666667,7.528666666666667,48.818,3.3733333333333335,0.43533333333333335,3.808666666666667,0.178,0.618,14.969333333333335,0.05878631747196437,0.009065971338589504,26.87,14.520537636058636,low,Низкая нагрузка по сравнению с другими игроками датасета.
Florin Bérenguer,F. Bérenguer,560882,1989-04-01,Brisbane Roar FC,1802,AUS - A-League,2024/2025,Center Forward,70.29,6,1428.055,121.9,178.52833333333334,54.333333333333336,10.695,65.02833333333334,5.195,0.695,5.888333333333333,0.5283333333333333,1.4716666666666667,27.276666666666667,0.04553629470386878,0.007489207348456467,27.62,14.504233419525079,low,Низкая нагрузка по сравнению с другими игроками датасета.
Antonio Mikael Rodrigues Brito,Mikael Doka,34423,2000-01-24,Central Coast Mariners Football Club,870,AUS - A-League,2024/2025,Full Back,96.04,5,2082.12,108.4,267.52,107.28,27.2,134.48,9.72,1.64,11.36,1.24,2.56,45.84,0.06458801606055366,0.013063608245442145,28.52,14.37926616210677,low,Низкая нагрузка по сравнению с другими игроками датасета.
Anas Hamzaoui,A. Hamzaoui,167167,1996-07-14,Perth Glory Football Club,871,AUS - A-League,2024/2025,Full Back,85.69,5,1953.44,113.99,273.56,88.4,20.080000000000002,108.47999999999999,8.16,1.08,9.24,0.9199999999999999,2.84,46.16,0.05553280366942419,0.010279302154148578,27.16,14.323873467974831,low,Низкая нагрузка по сравнению с другими игроками датасета.
Angus Thurgate,A. Thurgate,51675,2000-02-08,Western United,1803,AUS - A-League,2024/2025,Midfield,97.05,28,450.24107142857144,129.9,80.97571428571429,23.2525,5.237142857142857,28.489642857142858,1.935,0.29857142857142854,2.2335714285714285,0.12107142857142858,0.4732142857142857,8.175714285714285,0.06327641937850755,0.011631863882443928,27.9,14.316185410295509,low,Низкая нагрузка по сравнению с другими игроками датасета.
Trent Ostler,T. Ostler,560987,2002-04-03,Perth Glory Football Club,871,AUS - A-League,2024/2025,Wide Attacker,87.01,14,754.2192857142857,121.35,118.35714285714286,50.729285714285716,16.367142857142856,67.09714285714286,4.607142857142857,0.9135714285714285,5.520714285714286,0.485,1.2757142857142856,16.867857142857144,0.08896238020962073,0.02170077478414292,29.08,14.312382150055186,low,Низкая нагрузка по сравнению с другими игроками датасета.
Clayton Taylor,C. Taylor,795506,2004-03-01,Newcastle United Jets FC,1805,AUS - A-League,2024/2025,Wide Attacker,86.84,17,627.1729411764707,122.78,99.43941176470588,45.273529411764706,14.231764705882354,59.50529411764706,4.093529411764706,0.7817647058823529,4.875294117647059,0.34941176470588237,0.8270588235294118,13.01764705882353,0.09487860558209857,0.0226919303616415,29.14,14.176394182216185,low,Низкая нагрузка по сравнению с другими игроками датасета.
Logan Rogerson,L. Rogerson,133501,1998-05-28,Auckland FC,4177,AUS - A-League,2024/2025,Wide Attacker,81.69,22,464.6859090909091,125.14,75.54772727272727,36.28909090909091,11.169545454545455,47.45863636363636,3.159090909090909,0.6281818181818182,3.787272727272727,0.2831818181818182,0.6818181818181818,9.692272727272728,0.10213056913320727,0.024036763835591782,28.92,14.14400397696048,low,Низкая нагрузка по сравнению с другими игроками датасета.
Thomas Waddingham,T. Waddingham,795537,2005-04-05,Brisbane Roar FC,1802,AUS - A-League,2024/2025,Center Forward,92.5,10,1120.4,121.12,156.35999999999999,49.79,12.25,62.04,4.89,0.8400000000000001,5.7299999999999995,0.5599999999999999,1.1,19.979999999999997,0.055373081042484826,0.010933595144591218,28.2,14.02834226994037,low,Низкая нагрузка по сравнению с другими игроками датасета.
Austin Ludwik,A. Ludwik,998558,1997-02-11,Brisbane Roar FC,1802,AUS - A-League,2024/2025,Central Defender,68.17,3,2498.11,109.94,285.89,93.77666666666666,20.0,113.77666666666666,9.223333333333334,1.4433333333333334,10.666666666666666,1.0,2.4433333333333334,51.11000000000001,0.045545098761330234,0.008006052575747265,27.37,13.981019106770995,low,Низкая нагрузка по сравнению с другими игроками датасета.
Andreas  Kuen,A. Kuen,26095,1995-03-24,Melbourne City FC,2380,AUS - A-League,2024/2025,Center Forward,83.16,10,1010.2700000000001,121.49,170.75,62.379999999999995,12.58,74.96000000000001,5.32,0.74,6.0600000000000005,0.51,1.1,20.61,0.07419798667682896,0.012452116760865906,27.69,13.927976583355512,low,Низкая нагрузка по сравнению с другими игроками датасета.
Yuto Misao,Y. Misao,26920,1991-04-16,Perth Glory Football Club,871,AUS - A-League,2024/2025,Full Back,94.08,8,1347.015,114.55,189.59375,80.65625,27.4225,108.0775,7.5775,1.53125,9.11,0.78125,2.0775,30.2025,0.0802348154994562,0.020357976711469432,28.0,13.907694633258615,low,Низкая нагрузка по сравнению с другими игроками датасета.
Jordan Courtney-Perkins,J. Courtney-Perkins,51000,2002-11-06,Sydney Football Club,869,AUS - A-League,2024/2025,Full Back,97.28,16,734.074375,120.73,123.0975,53.445,15.62125,69.06625,4.43375,0.9025,5.33625,0.453125,1.355625,16.203125,0.09408617485115182,0.021280200660866277,28.78,13.878848736674492,low,Низкая нагрузка по сравнению с другими игроками датасета.
Aaron Gurd,A. Gurd,795545,2001-09-18,Sydney Football Club,869,AUS - A-League,2024/2025,Central Defender,93.74,3,3138.443333333333,100.44,387.6666666666667,128.33333333333334,31.333333333333332,159.66666666666666,12.556666666666667,2.3333333333333335,14.89,1.4433333333333334,2.776666666666667,64.66333333333334,0.05087447811176029,0.009983718042808908,27.9,13.870445694902116,low,Низкая нагрузка по сравнению с другими игроками датасета.
Joel Bruce King,J. King,51048,2000-10-30,Sydney Football Club,869,AUS - A-League,2024/2025,Central Defender,95.64,5,2069.56,108.2,271.64,95.52000000000001,28.8,124.32000000000001,8.92,1.6,10.52,1.0,2.68,45.32,0.060070739674133636,0.013916001468911266,28.34,13.805486843950176,low,Низкая нагрузка по сравнению с другими игроками датасета.
Luis Felipe Gallegos Leiva,F. Gallegos,23418,1991-12-03,Auckland FC,4177,AUS - A-League,2024/2025,Midfield,87.19,22,506.3759090909091,127.77,100.475,37.084545454545456,7.053636363636364,44.13863636363636,2.88,0.4068181818181818,3.287272727272727,0.14863636363636365,0.45681818181818185,9.601363636363637,0.08716575091986101,0.01392964443411156,27.35,13.75235961469367,low,Низкая нагрузка по сравнению с другими игроками датасета.
Thomas Aquilina,T. Aquilina,735573,2001-02-02,Newcastle United Jets FC,1805,AUS - A-League,2024/2025,Wide Attacker,95.22,13,882.3430769230769,120.46,144.13615384615383,62.61538461538461,14.55,77.16538461538461,4.964615384615385,0.7807692307692308,5.745384615384615,0.3669230769230769,1.1423076923076922,16.663076923076922,0.08745508026705119,0.01649018435180455,28.29,13.691802537719076,low,Низкая нагрузка по сравнению с другими игроками датасета.
Joel Bruce King,J. King,51048,2000-10-30,Sydney Football Club,869,AUS - A-League,2024/2025,Full Back,94.14,9,1208.691111111111,115.56,190.71555555555557,79.56777777777778,18.58,98.14777777777778,6.703333333333333,1.1733333333333333,7.876666666666667,0.8766666666666666,2.395555555555555,27.95111111111111,0.08120170395524269,0.015372000198561898,27.87,13.674330347009045,low,Низкая нагрузка по сравнению с другими игроками датасета.
Charbel Shamoon,C. Shamoon,810406,2004-02-10,Western United,1803,AUS - A-League,2024/2025,Full Back,93.89,12,936.1316666666667,119.65,134.285,56.93083333333333,16.020833333333332,72.95166666666667,4.923333333333333,0.8958333333333334,5.819166666666667,0.45166666666666666,1.3683333333333334,18.285,0.07792885260086277,0.017113867529318347,28.36,13.639586934933181,low,Низкая нагрузка по сравнению с другими игроками датасета.
Harry Van Der Saag,H. Van Der Saag,51043,1999-10-29,Brisbane Roar FC,1802,AUS - A-League,2024/2025,Full Back,76.58,6,1459.695,114.36,199.86166666666668,77.5,21.444999999999997,98.945,6.833333333333333,1.1666666666666667,8.0,0.6666666666666666,1.8333333333333333,28.778333333333336,0.06778470844936785,0.014691425263496824,28.33,13.635834651698907,low,Низкая нагрузка по сравнению с другими игроками датасета.
Keegan Jelacic,K. Jelacic,560986,2002-07-31,Brisbane Roar FC,1802,AUS - A-League,2024/2025,Wide Attacker,92.76,16,704.16,121.46,110.12125,42.33625,12.863125,55.199375,3.93375,0.71875,4.6525,0.3475,0.984375,13.94875,0.07839038712792548,0.01826733270847535,28.94,13.630432287946558,low,Низкая нагрузка по сравнению с другими игроками датасета.
Rhys Bozinovski,R. Bozinovski,560917,2004-07-03,Western United,1803,AUS - A-League,2024/2025,Midfield,85.11,24,450.71166666666664,127.09,78.77416666666666,22.15625,5.42875,27.584999999999997,1.9670833333333333,0.28291666666666665,2.25,0.18583333333333332,0.5904166666666667,9.191249999999998,0.061203208259530295,0.01204484019716966,28.18,13.630187387725885,low,Низкая нагрузка по сравнению с другими игроками датасета.
Haine Anthony Eames,H. Eames,923864,2008-02-27,Central Coast Mariners Football Club,870,AUS - A-League,2024/2025,Midfield,94.75,10,1184.04,124.97,206.69,53.3,7.25,60.55,4.25,0.35,4.6,0.27,1.2,22.47,0.05113847505151853,0.006123103949190906,25.98,13.623651452246682,low,Низкая нагрузка по сравнению с другими игроками датасета.
Reno Piscopo,R. Piscopo,51714,1998-05-27,Melbourne Victory Football Club,868,AUS - A-League,2024/2025,Wide Attacker,73.44,10,881.7,120.05,143.35999999999999,62.489999999999995,16.259999999999998,78.75,5.51,1.1,6.609999999999999,0.51,1.1199999999999999,17.419999999999998,0.08931609390949302,0.018441646818645796,27.97,13.610407997293851,low,Низкая нагрузка по сравнению с другими игроками датасета.
Zachary Sapsford,Z. Sapsford,795526,2002-08-16,Western Sydney Wanderers FC,2902,AUS - A-League,2024/2025,Center Forward,70.3,20,439.2075,124.95,66.3,27.0825,8.0075,35.089999999999996,2.4025,0.42750000000000005,2.83,0.20249999999999999,0.44000000000000006,6.9575000000000005,0.07989389980817722,0.01823170141675632,29.02,13.5896585555308,low,Низкая нагрузка по сравнению с другими игроками датасета.
Nathan Paull,N. Paull,795511,2003-08-21,Central Coast Mariners Football Club,870,AUS - A-League,2024/2025,Full Back,98.24,6,1846.7216666666666,112.79,230.97166666666666,80.5,16.861666666666668,97.36166666666666,7.75,1.1383333333333334,8.888333333333334,0.9716666666666667,2.361666666666667,37.99999999999999,0.05272135396689449,0.009130594485904302,27.55,13.551483065772935,low,Низкая нагрузка по сравнению с другими игроками датасета.
Callan Elliot,C. Elliott,51713,1999-07-07,Auckland FC,4177,AUS - A-League,2024/2025,Full Back,88.58,6,1602.195,108.53,216.77833333333334,93.27833333333332,27.694999999999997,120.97166666666668,8.888333333333334,1.695,10.583333333333334,1.055,2.8049999999999997,35.915,0.07550371001449054,0.017285661233495297,28.83,13.538595843053816,low,Низкая нагрузка по сравнению с другими игроками датасета.
Zach Lisolajski,Z. Lisolajski,809345,2005-10-05,Perth Glory Football Club,871,AUS - A-League,2024/2025,Full Back,89.94,9,1137.8266666666668,113.86,161.84,63.79,21.85222222222222,85.64222222222222,6.296666666666667,1.2966666666666666,7.592222222222222,0.7655555555555555,2.086666666666667,24.84,0.07526825019237454,0.019205229462796517,29.31,13.535176932574156,low,Низкая нагрузка по сравнению с другими игроками датасета.
Jack Hingert,J. Hingert,51722,1990-09-26,Brisbane Roar FC,1802,AUS - A-League,2024/2025,Full Back,84.89,10,1004.36,118.31,129.64000000000001,56.6,18.919999999999998,75.52000000000001,4.88,0.9400000000000001,5.82,0.52,1.26,19.96,0.07519216217292604,0.018837866900314627,28.54,13.52932298982518,low,Низкая нагрузка по сравнению с другими игроками датасета.
Asumah Abubakar-Ankra,Asumah Abubakar,37087,1997-05-10,Brisbane Roar FC,1802,AUS - A-League,2024/2025,Center Forward,89.5,8,1261.65625,112.77,143.9375,60.6725,23.0,83.6725,6.4525,1.15625,7.61,0.6725,1.2975,24.875,0.06631957000965992,0.01823000520149605,29.96,13.434694021688523,low,Низкая нагрузка по сравнению с другими игроками датасета.
Nicholas Pennington,N. Pennington,795530,1998-12-18,Perth Glory Football Club,871,AUS - A-League,2024/2025,Midfield,94.24,17,714.7994117647058,128.94,126.82705882352941,27.121176470588235,3.830588235294118,30.95176470588235,2.1623529411764704,0.21823529411764706,2.3805882352941174,0.1488235294117647,0.5294117647058824,12.474117647058824,0.043301329291063964,0.005358969484651803,26.16,13.342342532260894,low,Низкая нагрузка по сравнению с другими игроками датасета.
Anthony Cáceres,A. Cáceres,51045,1992-09-29,Sydney Football Club,869,AUS - A-League,2024/2025,Midfield,98.08,21,582.1904761904761,124.65,113.68238095238095,37.15190476190477,7.294761904761905,44.446666666666665,2.966190476190476,0.4376190476190476,3.403809523809524,0.23333333333333334,0.7685714285714286,11.938095238095238,0.07634385735318175,0.01252985440863733,27.78,13.259758590392321,low,Низкая нагрузка по сравнению с другими игроками датасета.
Anthony Pantazopoulos,A. Pantazopoulos,795523,2003-04-22,Western Sydney Wanderers FC,2902,AUS - A-League,2024/2025,Full Back,88.76,6,1614.0833333333333,109.11,202.0,77.91666666666667,24.0,101.91666666666667,7.138333333333333,1.1666666666666667,8.305,1.0,2.8049999999999997,35.86166666666667,0.06314213433837576,0.014869120759977284,29.08,13.258428168878819,low,Низкая нагрузка по сравнению с другими игроками датасета.
Harrison Steele,H. Steele,795508,2002-10-12,Central Coast Mariners Football Club,870,AUS - A-League,2024/2025,Midfield,93.55,23,526.0660869565218,129.34,94.94521739130434,22.40086956521739,3.2343478260869567,25.635217391304348,1.7204347826086956,0.15869565217391304,1.8791304347826085,0.12478260869565218,0.45173913043478264,9.582173913043478,0.048730032265742775,0.006148177778953215,26.42,13.189813735319415,low,Низкая нагрузка по сравнению с другими игроками датасета.
Jay Barnett,J. Barnett,50949,2001-02-14,Adelaide United Football Club,866,AUS - A-League,2024/2025,Midfield,91.71,19,612.4152631578947,126.87,96.3242105263158,27.52052631578947,5.36578947368421,32.886315789473684,2.2494736842105265,0.2657894736842105,2.515263157894737,0.16894736842105262,0.6036842105263158,12.479473684210525,0.053699373232301104,0.00876168475294971,27.03,13.177855934449214,low,Низкая нагрузка по сравнению с другими игроками датасета.
Noah Botić,N. Botić,560916,2002-01-11,Western United,1803,AUS - A-League,2024/2025,Center Forward,84.77,24,433.65083333333337,122.78,61.52583333333333,26.404583333333335,8.708333333333334,35.11291666666667,2.6091666666666664,0.5225,3.1320833333333336,0.33166666666666667,0.6875,8.9025,0.0809704812435504,0.020081440329297186,28.98,13.062240360859454,low,Низкая нагрузка по сравнению с другими игроками датасета.
Zach Clough,Z. Clough,42513,1995-03-08,Adelaide United Football Club,866,AUS - A-League,2024/2025,Wide Attacker,84.03,19,543.6342105263158,122.93,82.73947368421052,30.423684210526314,9.038947368421054,39.46263157894737,2.7757894736842106,0.4905263157894737,3.2657894736842104,0.20210526315789473,0.4905263157894737,9.745263157894737,0.07259041247743016,0.016626892114957333,28.72,13.031472051818223,low,Низкая нагрузка по сравнению с другими игроками датасета.
Antonio Mikael Rodrigues Brito,Mikael Doka,34423,2000-01-24,Central Coast Mariners Football Club,870,AUS - A-League,2024/2025,Center Forward,96.55,7,1518.9585714285713,110.13,194.28571428571428,70.73428571428572,29.632857142857144,100.36714285714287,6.9799999999999995,1.3471428571428572,8.327142857142857,0.7557142857142857,1.3671428571428572,27.204285714285714,0.06607628723063078,0.019508667122492763,29.3,13.02365991378868,low,Низкая нагрузка по сравнению с другими игроками датасета.
Ben Garuccio,B. Garuccio,23922,1995-06-15,Western United,1803,AUS - A-League,2024/2025,Full Back,94.39,17,659.505294117647,118.78,105.32176470588236,47.07941176470588,13.737058823529411,60.8164705882353,4.152352941176471,0.7994117647058824,4.951764705882353,0.4429411764705882,1.2523529411764704,14.858235294117646,0.09221528792972274,0.020829338211618514,28.84,12.907113228647438,low,Низкая нагрузка по сравнению с другими игроками датасета.
Taras  Gomulka,T. Gomulka,51694,2001-09-16,Perth Glory Football Club,871,AUS - A-League,2024/2025,Midfield,97.91,16,765.055,125.02,122.484375,37.168125,5.7775,42.945,2.796875,0.33625,3.1325,0.16,0.66375,13.218125,0.056133219180320375,0.007551744645809779,26.76,12.816219154876174,low,Низкая нагрузка по сравнению с другими игроками датасета.
Antonio Mikael Rodrigues Brito,Mikael Doka,34423,2000-01-24,Central Coast Mariners Football Club,870,AUS - A-League,2024/2025,Wide Attacker,98.67,12,941.0416666666666,114.45,126.40249999999999,52.270833333333336,19.1525,71.42333333333333,5.139166666666667,0.9516666666666667,6.09,0.535,1.2775,18.791666666666668,0.07589816249723268,0.020352446313925174,29.54,12.739232558364233,low,Низкая нагрузка по сравнению с другими игроками датасета.
Anas Ouahim,A. Ouahim,25534,1997-09-23,Sydney Football Club,869,AUS - A-League,2024/2025,Midfield,84.98,12,865.5975,122.24,153.74333333333334,49.5975,7.833333333333333,57.43083333333333,4.104166666666667,0.5066666666666667,4.610833333333333,0.375,0.9858333333333333,17.020833333333336,0.06634819686209044,0.009049625643943442,26.72,12.697788945965325,low,Низкая нагрузка по сравнению с другими игроками датасета.
Jake Hollman,J. Hollman,51648,2001-08-26,Macarthur FC,1804,AUS - A-League,2024/2025,Midfield,83.52,15,682.6,122.59,105.05799999999999,34.622,8.133333333333333,42.75533333333333,2.9553333333333334,0.43533333333333335,3.3913333333333333,0.20866666666666667,0.6980000000000001,12.462,0.06263599960933686,0.011915226096298467,27.76,12.62765417449981,low,Низкая нагрузка по сравнению с другими игроками датасета.
Thomas Aquilina,T. Aquilina,735573,2001-02-02,Newcastle United Jets FC,1805,AUS - A-League,2024/2025,Full Back,98.59,10,1099.74,111.54,152.32999999999998,67.47999999999999,22.78,90.26,5.96,1.1099999999999999,7.07,0.55,1.54,21.93,0.08207394475057742,0.020713986942368198,29.66,12.620268854451407,low,Низкая нагрузка по сравнению с другими игроками датасета.
Ben Halloran,B. Halloran,50966,1992-06-14,Brisbane Roar FC,1802,AUS - A-League,2024/2025,Wide Attacker,82.04,14,681.1121428571429,116.23,91.83142857142857,38.36714285714286,15.0,53.36714285714286,4.020714285714286,0.8571428571428571,4.877857142857144,0.4642857142857143,1.4592857142857143,15.362142857142857,0.07835294586479885,0.022022805139074016,29.74,12.606744680446289,low,Низкая нагрузка по сравнению с другими игроками датасета.
Callum Timmins,C. Timmins,50978,1999-12-23,Newcastle United Jets FC,1805,AUS - A-League,2024/2025,Midfield,95.13,22,550.1859090909091,127.24,100.0559090909091,26.42954545454546,3.3863636363636362,29.81590909090909,2.099090909090909,0.20454545454545456,2.3036363636363637,0.15681818181818183,0.5145454545454545,10.712727272727273,0.05419242586596762,0.006154944320473493,26.27,12.586423775809315,low,Низкая нагрузка по сравнению с другими игроками датасета.
Abel Walatee,A. Walatee,818554,2004-02-22,Western United,1803,AUS - A-League,2024/2025,Wide Attacker,73.84,9,948.1855555555555,115.57,124.91333333333334,46.49333333333333,16.63,63.123333333333335,5.036666666666666,0.9011111111111111,5.937777777777778,0.5066666666666666,1.3088888888888888,19.074444444444442,0.06657276412141552,0.017538761166063368,28.92,12.52722284451535,low,Низкая нагрузка по сравнению с другими игроками датасета.
Dylan Scicluna,D. Scicluna,795524,2004-06-10,Western Sydney Wanderers FC,2902,AUS - A-League,2024/2025,Midfield,95.59,7,1557.2857142857142,114.04,228.79571428571427,63.51,14.59142857142857,78.10142857142857,5.837142857142857,0.7757142857142857,6.612857142857143,0.5514285714285714,1.4285714285714286,29.837142857142858,0.05015227960737547,0.009369782588753326,27.71,12.467119918029,low,Низкая нагрузка по сравнению с другими игроками датасета.
Louis Verstraete,L. Verstraete,14736,1999-05-04,Auckland FC,4177,AUS - A-League,2024/2025,Midfield,93.19,21,558.3266666666667,125.81,105.74809523809525,29.451428571428572,4.297142857142857,33.74809523809524,2.3899999999999997,0.27666666666666667,2.6666666666666665,0.1542857142857143,0.5442857142857143,10.100000000000001,0.06044507141236655,0.007696467164639918,26.57,12.414779159004631,low,Низкая нагрузка по сравнению с другими игроками датасета.
Joshua Brillante,J. Brillante,5468,1993-03-25,Western Sydney Wanderers FC,2902,AUS - A-League,2024/2025,Midfield,87.22,20,541.6575,124.21,96.0125,26.482499999999998,5.275,31.7575,2.23,0.275,2.505,0.1525,0.7175,12.139999999999999,0.05863022297300416,0.009738626345984318,27.11,12.238197722509971,low,Низкая нагрузка по сравнению с другими игроками датасета.
Jake Brimmer,J. Brimmer,50951,1998-04-03,Auckland FC,4177,AUS - A-League,2024/2025,Midfield,81.4,11,873.3554545454546,118.02,143.37181818181818,52.16545454545455,12.107272727272727,64.27272727272727,4.611818181818181,0.7027272727272728,5.3136363636363635,0.3227272727272727,0.9336363636363636,17.94272727272727,0.07359286180468018,0.013862938239246543,27.89,12.237813508875885,low,Низкая нагрузка по сравнению с другими игроками датасета.
Hideki Ishige,H. Ishige,26969,1994-09-21,Wellington Phoenix FC,867,AUS - A-League,2024/2025,Wide Attacker,87.0,12,856.34,118.12,133.13166666666666,54.020833333333336,10.805833333333332,64.82666666666667,4.506666666666667,0.6458333333333334,5.1525,0.5766666666666667,1.3125,19.084166666666665,0.07570201866859735,0.012618625000973133,27.38,12.213317274319206,low,Низкая нагрузка по сравнению с другими игроками датасета.
Louis Zabala,L. Zabala,560898,2001-01-25,Brisbane Roar FC,1802,AUS - A-League,2024/2025,Full Back,86.82,7,1406.6942857142858,113.42,190.0,72.18428571428572,13.775714285714287,85.95857142857143,6.204285714285715,0.8571428571428571,7.061428571428571,0.8157142857142857,2.2657142857142856,30.75428571428571,0.0611067893724497,0.009792969535466128,26.93,12.18583005908516,low,Низкая нагрузка по сравнению с другими игроками датасета.
Dylan Pierias,D. Pierias,51005,2000-02-20,Adelaide United Football Club,866,AUS - A-League,2024/2025,Full Back,98.43,22,509.49363636363637,113.88,69.46909090909091,32.0,16.24772727272727,48.247727272727275,3.1777272727272727,0.7581818181818182,3.935909090909091,0.4090909090909091,0.9113636363636364,11.132727272727273,0.09469740901394076,0.03188995134206333,31.21,12.135001840565439,low,Низкая нагрузка по сравнению с другими игроками датасета.
